geo,time,Value,Measure
abw,1996,18000000,Arms Exports (USD)
afg,1992,1000000,Arms Exports (USD)
ago,1979,3000000,Arms Exports (USD)
ago,1980,0,Arms Exports (USD)
ago,2002,2000000,Arms Exports (USD)
alb,2011,0,Arms Exports (USD)
are,1974,8000000,Arms Exports (USD)
are,1983,14000000,Arms Exports (USD)
are,1986,22000000,Arms Exports (USD)
are,1987,1000000,Arms Exports (USD)
are,1990,2000000,Arms Exports (USD)
are,1995,28000000,Arms Exports (USD)
are,1996,6000000,Arms Exports (USD)
are,1997,37000000,Arms Exports (USD)
are,2004,3000000,Arms Exports (USD)
are,2005,11000000,Arms Exports (USD)
are,2006,17000000,Arms Exports (USD)
are,2007,3000000,Arms Exports (USD)
are,2009,34000000,Arms Exports (USD)
are,2010,39000000,Arms Exports (USD)
are,2011,3000000,Arms Exports (USD)
are,2012,70000000,Arms Exports (USD)
are,2013,108000000,Arms Exports (USD)
are,2014,87000000,Arms Exports (USD)
are,2015,142000000,Arms Exports (USD)
are,2016,95000000,Arms Exports (USD)
are,2017,101000000,Arms Exports (USD)
are,2018,114000000,Arms Exports (USD)
are,2019,128000000,Arms Exports (USD)
are,2020,191000000,Arms Exports (USD)
are,2021,57000000,Arms Exports (USD)
are,2022,12000000,Arms Exports (USD)
arg,1962,6000000,Arms Exports (USD)
arg,1964,4000000,Arms Exports (USD)
arg,1967,0,Arms Exports (USD)
arg,1968,8000000,Arms Exports (USD)
arg,1970,0,Arms Exports (USD)
arg,1972,11000000,Arms Exports (USD)
arg,1976,1000000,Arms Exports (USD)
arg,1979,8000000,Arms Exports (USD)
arg,1980,1000000,Arms Exports (USD)
arg,1981,27000000,Arms Exports (USD)
arg,1982,3000000,Arms Exports (USD)
arg,1983,1000000,Arms Exports (USD)
arg,1987,4000000,Arms Exports (USD)
arg,1988,0,Arms Exports (USD)
arg,1990,6000000,Arms Exports (USD)
arg,1991,0,Arms Exports (USD)
arg,1993,13000000,Arms Exports (USD)
arg,1994,5000000,Arms Exports (USD)
arg,1995,5000000,Arms Exports (USD)
arg,2000,2000000,Arms Exports (USD)
arg,2002,2000000,Arms Exports (USD)
arg,2006,2000000,Arms Exports (USD)
arg,2011,1000000,Arms Exports (USD)
arm,2006,4000000,Arms Exports (USD)
aus,1961,2000000,Arms Exports (USD)
aus,1962,4000000,Arms Exports (USD)
aus,1969,26000000,Arms Exports (USD)
aus,1970,17000000,Arms Exports (USD)
aus,1971,36000000,Arms Exports (USD)
aus,1972,6000000,Arms Exports (USD)
aus,1973,72000000,Arms Exports (USD)
aus,1974,92000000,Arms Exports (USD)
aus,1975,131000000,Arms Exports (USD)
aus,1976,113000000,Arms Exports (USD)
aus,1977,62000000,Arms Exports (USD)
aus,1978,21000000,Arms Exports (USD)
aus,1979,22000000,Arms Exports (USD)
aus,1980,15000000,Arms Exports (USD)
aus,1981,17000000,Arms Exports (USD)
aus,1982,26000000,Arms Exports (USD)
aus,1983,31000000,Arms Exports (USD)
aus,1984,62000000,Arms Exports (USD)
aus,1985,10000000,Arms Exports (USD)
aus,1986,57000000,Arms Exports (USD)
aus,1987,89000000,Arms Exports (USD)
aus,1988,18000000,Arms Exports (USD)
aus,1989,18000000,Arms Exports (USD)
aus,1990,168000000,Arms Exports (USD)
aus,1991,90000000,Arms Exports (USD)
aus,1993,30000000,Arms Exports (USD)
aus,1994,36000000,Arms Exports (USD)
aus,1995,36000000,Arms Exports (USD)
aus,1996,16000000,Arms Exports (USD)
aus,1997,20000000,Arms Exports (USD)
aus,1998,4000000,Arms Exports (USD)
aus,2001,43000000,Arms Exports (USD)
aus,2002,47000000,Arms Exports (USD)
aus,2003,44000000,Arms Exports (USD)
aus,2004,2000000,Arms Exports (USD)
aus,2005,49000000,Arms Exports (USD)
aus,2006,26000000,Arms Exports (USD)
aus,2007,52000000,Arms Exports (USD)
aus,2008,56000000,Arms Exports (USD)
aus,2009,84000000,Arms Exports (USD)
aus,2010,137000000,Arms Exports (USD)
aus,2011,143000000,Arms Exports (USD)
aus,2012,45000000,Arms Exports (USD)
aus,2013,54000000,Arms Exports (USD)
aus,2014,97000000,Arms Exports (USD)
aus,2015,87000000,Arms Exports (USD)
aus,2016,135000000,Arms Exports (USD)
aus,2017,100000000,Arms Exports (USD)
aus,2018,39000000,Arms Exports (USD)
aus,2019,104000000,Arms Exports (USD)
aus,2020,413000000,Arms Exports (USD)
aus,2021,188000000,Arms Exports (USD)
aus,2022,33000000,Arms Exports (USD)
aut,1964,0,Arms Exports (USD)
aut,1965,0,Arms Exports (USD)
aut,1966,1000000,Arms Exports (USD)
aut,1967,1000000,Arms Exports (USD)
aut,1968,1000000,Arms Exports (USD)
aut,1969,1000000,Arms Exports (USD)
aut,1970,1000000,Arms Exports (USD)
aut,1971,1000000,Arms Exports (USD)
aut,1972,1000000,Arms Exports (USD)
aut,1973,1000000,Arms Exports (USD)
aut,1974,0,Arms Exports (USD)
aut,1975,0,Arms Exports (USD)
aut,1978,37000000,Arms Exports (USD)
aut,1979,126000000,Arms Exports (USD)
aut,1980,54000000,Arms Exports (USD)
aut,1981,70000000,Arms Exports (USD)
aut,1982,61000000,Arms Exports (USD)
aut,1983,58000000,Arms Exports (USD)
aut,1984,60000000,Arms Exports (USD)
aut,1985,248000000,Arms Exports (USD)
aut,1986,40000000,Arms Exports (USD)
aut,1987,30000000,Arms Exports (USD)
aut,1988,12000000,Arms Exports (USD)
aut,1989,12000000,Arms Exports (USD)
aut,1990,30000000,Arms Exports (USD)
aut,1991,20000000,Arms Exports (USD)
aut,1992,20000000,Arms Exports (USD)
aut,1993,10000000,Arms Exports (USD)
aut,1994,17000000,Arms Exports (USD)
aut,1996,18000000,Arms Exports (USD)
aut,1997,1000000,Arms Exports (USD)
aut,1998,29000000,Arms Exports (USD)
aut,1999,23000000,Arms Exports (USD)
aut,2000,23000000,Arms Exports (USD)
aut,2001,17000000,Arms Exports (USD)
aut,2002,83000000,Arms Exports (USD)
aut,2003,2000000,Arms Exports (USD)
aut,2004,3000000,Arms Exports (USD)
aut,2005,3000000,Arms Exports (USD)
aut,2006,62000000,Arms Exports (USD)
aut,2007,99000000,Arms Exports (USD)
aut,2008,15000000,Arms Exports (USD)
aut,2009,44000000,Arms Exports (USD)
aut,2010,53000000,Arms Exports (USD)
aut,2011,52000000,Arms Exports (USD)
aut,2012,23000000,Arms Exports (USD)
aut,2013,28000000,Arms Exports (USD)
aut,2014,16000000,Arms Exports (USD)
aut,2015,10000000,Arms Exports (USD)
aut,2016,17000000,Arms Exports (USD)
aut,2017,22000000,Arms Exports (USD)
aut,2018,7000000,Arms Exports (USD)
aut,2019,3000000,Arms Exports (USD)
aut,2020,9000000,Arms Exports (USD)
aut,2021,23000000,Arms Exports (USD)
aut,2022,14000000,Arms Exports (USD)
bel,1960,3000000,Arms Exports (USD)
bel,1961,0,Arms Exports (USD)
bel,1962,2000000,Arms Exports (USD)
bel,1963,0,Arms Exports (USD)
bel,1964,0,Arms Exports (USD)
bel,1966,12000000,Arms Exports (USD)
bel,1969,5000000,Arms Exports (USD)
bel,1971,0,Arms Exports (USD)
bel,1978,2000000,Arms Exports (USD)
bel,1979,3000000,Arms Exports (USD)
bel,1980,1000000,Arms Exports (USD)
bel,1981,19000000,Arms Exports (USD)
bel,1982,41000000,Arms Exports (USD)
bel,1983,89000000,Arms Exports (USD)
bel,1984,115000000,Arms Exports (USD)
bel,1985,3000000,Arms Exports (USD)
bel,1986,19000000,Arms Exports (USD)
bel,1988,18000000,Arms Exports (USD)
bel,1989,36000000,Arms Exports (USD)
bel,1990,1000000,Arms Exports (USD)
bel,1991,1000000,Arms Exports (USD)
bel,1994,39000000,Arms Exports (USD)
bel,1995,161000000,Arms Exports (USD)
bel,1996,61000000,Arms Exports (USD)
bel,1997,93000000,Arms Exports (USD)
bel,1998,46000000,Arms Exports (USD)
bel,1999,62000000,Arms Exports (USD)
bel,2000,46000000,Arms Exports (USD)
bel,2001,37000000,Arms Exports (USD)
bel,2002,34000000,Arms Exports (USD)
bel,2003,15000000,Arms Exports (USD)
bel,2004,47000000,Arms Exports (USD)
bel,2005,160000000,Arms Exports (USD)
bel,2006,59000000,Arms Exports (USD)
bel,2007,32000000,Arms Exports (USD)
bel,2008,223000000,Arms Exports (USD)
bel,2009,243000000,Arms Exports (USD)
bel,2010,12000000,Arms Exports (USD)
bel,2011,111000000,Arms Exports (USD)
bel,2012,22000000,Arms Exports (USD)
bel,2013,55000000,Arms Exports (USD)
bel,2014,10000000,Arms Exports (USD)
bel,2015,12000000,Arms Exports (USD)
bel,2016,7000000,Arms Exports (USD)
bel,2017,17000000,Arms Exports (USD)
bel,2018,21000000,Arms Exports (USD)
bel,2019,57000000,Arms Exports (USD)
bel,2020,27000000,Arms Exports (USD)
bel,2021,92000000,Arms Exports (USD)
bel,2022,121000000,Arms Exports (USD)
bgd,1984,2000000,Arms Exports (USD)
bgr,1983,4000000,Arms Exports (USD)
bgr,1986,106000000,Arms Exports (USD)
bgr,1989,5000000,Arms Exports (USD)
bgr,1990,6000000,Arms Exports (USD)
bgr,1991,42000000,Arms Exports (USD)
bgr,1992,16000000,Arms Exports (USD)
bgr,1993,28000000,Arms Exports (USD)
bgr,1994,55000000,Arms Exports (USD)
bgr,1995,1000000,Arms Exports (USD)
bgr,1996,21000000,Arms Exports (USD)
bgr,1997,6000000,Arms Exports (USD)
bgr,1998,39000000,Arms Exports (USD)
bgr,1999,167000000,Arms Exports (USD)
bgr,2000,2000000,Arms Exports (USD)
bgr,2001,10000000,Arms Exports (USD)
bgr,2002,37000000,Arms Exports (USD)
bgr,2003,44000000,Arms Exports (USD)
bgr,2004,19000000,Arms Exports (USD)
bgr,2005,87000000,Arms Exports (USD)
bgr,2006,5000000,Arms Exports (USD)
bgr,2007,9000000,Arms Exports (USD)
bgr,2008,4000000,Arms Exports (USD)
bgr,2009,16000000,Arms Exports (USD)
bgr,2010,4000000,Arms Exports (USD)
bgr,2011,2000000,Arms Exports (USD)
bgr,2012,13000000,Arms Exports (USD)
bgr,2013,21000000,Arms Exports (USD)
bgr,2014,14000000,Arms Exports (USD)
bgr,2015,70000000,Arms Exports (USD)
bgr,2016,61000000,Arms Exports (USD)
bgr,2017,31000000,Arms Exports (USD)
bgr,2018,14000000,Arms Exports (USD)
bgr,2019,10000000,Arms Exports (USD)
bgr,2020,3000000,Arms Exports (USD)
bgr,2021,7000000,Arms Exports (USD)
bgr,2022,18000000,Arms Exports (USD)
bhr,2001,2000000,Arms Exports (USD)
bhs,2015,0,Arms Exports (USD)
bih,2002,9000000,Arms Exports (USD)
bih,2011,14000000,Arms Exports (USD)
bih,2013,3000000,Arms Exports (USD)
blr,1993,8000000,Arms Exports (USD)
blr,1995,7000000,Arms Exports (USD)
blr,1996,129000000,Arms Exports (USD)
blr,1997,402000000,Arms Exports (USD)
blr,1998,63000000,Arms Exports (USD)
blr,1999,452000000,Arms Exports (USD)
blr,2000,293000000,Arms Exports (USD)
blr,2001,49000000,Arms Exports (USD)
blr,2002,63000000,Arms Exports (USD)
blr,2003,57000000,Arms Exports (USD)
blr,2004,19000000,Arms Exports (USD)
blr,2005,53000000,Arms Exports (USD)
blr,2006,43000000,Arms Exports (USD)
blr,2007,6000000,Arms Exports (USD)
blr,2008,224000000,Arms Exports (USD)
blr,2009,41000000,Arms Exports (USD)
blr,2010,161000000,Arms Exports (USD)
blr,2011,98000000,Arms Exports (USD)
blr,2012,97000000,Arms Exports (USD)
blr,2013,269000000,Arms Exports (USD)
blr,2014,101000000,Arms Exports (USD)
blr,2015,142000000,Arms Exports (USD)
blr,2016,151000000,Arms Exports (USD)
blr,2017,50000000,Arms Exports (USD)
blr,2018,78000000,Arms Exports (USD)
blr,2019,159000000,Arms Exports (USD)
blr,2020,59000000,Arms Exports (USD)
blr,2021,98000000,Arms Exports (USD)
blr,2022,57000000,Arms Exports (USD)
bra,1960,2000000,Arms Exports (USD)
bra,1961,12000000,Arms Exports (USD)
bra,1969,18000000,Arms Exports (USD)
bra,1971,0,Arms Exports (USD)
bra,1974,32000000,Arms Exports (USD)
bra,1975,58000000,Arms Exports (USD)
bra,1976,104000000,Arms Exports (USD)
bra,1977,144000000,Arms Exports (USD)
bra,1978,183000000,Arms Exports (USD)
bra,1979,73000000,Arms Exports (USD)
bra,1980,159000000,Arms Exports (USD)
bra,1981,68000000,Arms Exports (USD)
bra,1982,123000000,Arms Exports (USD)
bra,1983,200000000,Arms Exports (USD)
bra,1984,275000000,Arms Exports (USD)
bra,1985,207000000,Arms Exports (USD)
bra,1986,138000000,Arms Exports (USD)
bra,1987,216000000,Arms Exports (USD)
bra,1988,206000000,Arms Exports (USD)
bra,1989,53000000,Arms Exports (USD)
bra,1990,106000000,Arms Exports (USD)
bra,1991,127000000,Arms Exports (USD)
bra,1992,98000000,Arms Exports (USD)
bra,1993,40000000,Arms Exports (USD)
bra,1994,54000000,Arms Exports (USD)
bra,1995,38000000,Arms Exports (USD)
bra,1996,27000000,Arms Exports (USD)
bra,1997,27000000,Arms Exports (USD)
bra,1998,18000000,Arms Exports (USD)
bra,2002,20000000,Arms Exports (USD)
bra,2004,46000000,Arms Exports (USD)
bra,2005,1000000,Arms Exports (USD)
bra,2006,44000000,Arms Exports (USD)
bra,2007,53000000,Arms Exports (USD)
bra,2008,92000000,Arms Exports (USD)
bra,2009,43000000,Arms Exports (USD)
bra,2010,143000000,Arms Exports (USD)
bra,2011,31000000,Arms Exports (USD)
bra,2012,33000000,Arms Exports (USD)
bra,2013,30000000,Arms Exports (USD)
bra,2014,30000000,Arms Exports (USD)
bra,2015,51000000,Arms Exports (USD)
bra,2016,121000000,Arms Exports (USD)
bra,2017,36000000,Arms Exports (USD)
bra,2018,100000000,Arms Exports (USD)
bra,2019,10000000,Arms Exports (USD)
bra,2020,162000000,Arms Exports (USD)
bra,2021,84000000,Arms Exports (USD)
bra,2022,6000000,Arms Exports (USD)
brn,2011,24000000,Arms Exports (USD)
brn,2016,12000000,Arms Exports (USD)
can,1960,67000000,Arms Exports (USD)
can,1961,300000000,Arms Exports (USD)
can,1962,188000000,Arms Exports (USD)
can,1963,213000000,Arms Exports (USD)
can,1964,253000000,Arms Exports (USD)
can,1965,111000000,Arms Exports (USD)
can,1966,92000000,Arms Exports (USD)
can,1967,58000000,Arms Exports (USD)
can,1968,193000000,Arms Exports (USD)
can,1969,163000000,Arms Exports (USD)
can,1970,188000000,Arms Exports (USD)
can,1971,285000000,Arms Exports (USD)
can,1972,318000000,Arms Exports (USD)
can,1973,113000000,Arms Exports (USD)
can,1974,113000000,Arms Exports (USD)
can,1975,82000000,Arms Exports (USD)
can,1976,259000000,Arms Exports (USD)
can,1977,138000000,Arms Exports (USD)
can,1978,179000000,Arms Exports (USD)
can,1979,167000000,Arms Exports (USD)
can,1980,136000000,Arms Exports (USD)
can,1981,109000000,Arms Exports (USD)
can,1982,240000000,Arms Exports (USD)
can,1983,99000000,Arms Exports (USD)
can,1984,78000000,Arms Exports (USD)
can,1985,84000000,Arms Exports (USD)
can,1986,237000000,Arms Exports (USD)
can,1987,246000000,Arms Exports (USD)
can,1988,125000000,Arms Exports (USD)
can,1989,34000000,Arms Exports (USD)
can,1990,79000000,Arms Exports (USD)
can,1991,93000000,Arms Exports (USD)
can,1992,139000000,Arms Exports (USD)
can,1993,144000000,Arms Exports (USD)
can,1994,164000000,Arms Exports (USD)
can,1995,254000000,Arms Exports (USD)
can,1996,146000000,Arms Exports (USD)
can,1997,96000000,Arms Exports (USD)
can,1998,37000000,Arms Exports (USD)
can,1999,78000000,Arms Exports (USD)
can,2000,67000000,Arms Exports (USD)
can,2001,112000000,Arms Exports (USD)
can,2002,159000000,Arms Exports (USD)
can,2003,306000000,Arms Exports (USD)
can,2004,309000000,Arms Exports (USD)
can,2005,218000000,Arms Exports (USD)
can,2006,216000000,Arms Exports (USD)
can,2007,314000000,Arms Exports (USD)
can,2008,219000000,Arms Exports (USD)
can,2009,165000000,Arms Exports (USD)
can,2010,219000000,Arms Exports (USD)
can,2011,291000000,Arms Exports (USD)
can,2012,248000000,Arms Exports (USD)
can,2013,160000000,Arms Exports (USD)
can,2014,173000000,Arms Exports (USD)
can,2015,321000000,Arms Exports (USD)
can,2016,94000000,Arms Exports (USD)
can,2017,63000000,Arms Exports (USD)
can,2018,115000000,Arms Exports (USD)
can,2019,221000000,Arms Exports (USD)
can,2020,110000000,Arms Exports (USD)
can,2021,118000000,Arms Exports (USD)
can,2022,171000000,Arms Exports (USD)
che,1960,435000000,Arms Exports (USD)
che,1961,493000000,Arms Exports (USD)
che,1962,524000000,Arms Exports (USD)
che,1963,337000000,Arms Exports (USD)
che,1964,379000000,Arms Exports (USD)
che,1965,484000000,Arms Exports (USD)
che,1966,367000000,Arms Exports (USD)
che,1967,262000000,Arms Exports (USD)
che,1968,91000000,Arms Exports (USD)
che,1969,105000000,Arms Exports (USD)
che,1970,18000000,Arms Exports (USD)
che,1971,42000000,Arms Exports (USD)
che,1972,34000000,Arms Exports (USD)
che,1973,54000000,Arms Exports (USD)
che,1974,89000000,Arms Exports (USD)
che,1975,395000000,Arms Exports (USD)
che,1976,480000000,Arms Exports (USD)
che,1977,260000000,Arms Exports (USD)
che,1978,196000000,Arms Exports (USD)
che,1979,455000000,Arms Exports (USD)
che,1980,533000000,Arms Exports (USD)
che,1981,554000000,Arms Exports (USD)
che,1982,411000000,Arms Exports (USD)
che,1983,331000000,Arms Exports (USD)
che,1984,528000000,Arms Exports (USD)
che,1985,347000000,Arms Exports (USD)
che,1986,345000000,Arms Exports (USD)
che,1987,312000000,Arms Exports (USD)
che,1988,370000000,Arms Exports (USD)
che,1989,319000000,Arms Exports (USD)
che,1990,468000000,Arms Exports (USD)
che,1991,497000000,Arms Exports (USD)
che,1992,452000000,Arms Exports (USD)
che,1993,235000000,Arms Exports (USD)
che,1994,176000000,Arms Exports (USD)
che,1995,146000000,Arms Exports (USD)
che,1996,195000000,Arms Exports (USD)
che,1997,126000000,Arms Exports (USD)
che,1998,214000000,Arms Exports (USD)
che,1999,282000000,Arms Exports (USD)
che,2000,186000000,Arms Exports (USD)
che,2001,221000000,Arms Exports (USD)
che,2002,178000000,Arms Exports (USD)
che,2003,198000000,Arms Exports (USD)
che,2004,279000000,Arms Exports (USD)
che,2005,266000000,Arms Exports (USD)
che,2006,310000000,Arms Exports (USD)
che,2007,308000000,Arms Exports (USD)
che,2008,471000000,Arms Exports (USD)
che,2009,238000000,Arms Exports (USD)
che,2010,260000000,Arms Exports (USD)
che,2011,326000000,Arms Exports (USD)
che,2012,235000000,Arms Exports (USD)
che,2013,194000000,Arms Exports (USD)
che,2014,337000000,Arms Exports (USD)
che,2015,482000000,Arms Exports (USD)
che,2016,217000000,Arms Exports (USD)
che,2017,175000000,Arms Exports (USD)
che,2018,243000000,Arms Exports (USD)
che,2019,215000000,Arms Exports (USD)
che,2020,174000000,Arms Exports (USD)
che,2021,118000000,Arms Exports (USD)
che,2022,175000000,Arms Exports (USD)
chl,1975,0,Arms Exports (USD)
chl,1978,0,Arms Exports (USD)
chl,1980,0,Arms Exports (USD)
chl,1981,0,Arms Exports (USD)
chl,1983,1000000,Arms Exports (USD)
chl,1986,3000000,Arms Exports (USD)
chl,1987,3000000,Arms Exports (USD)
chl,1988,4000000,Arms Exports (USD)
chl,1989,4000000,Arms Exports (USD)
chl,1991,3000000,Arms Exports (USD)
chl,1992,8000000,Arms Exports (USD)
chl,1996,29000000,Arms Exports (USD)
chl,1998,2000000,Arms Exports (USD)
chl,1999,1000000,Arms Exports (USD)
chl,2000,1000000,Arms Exports (USD)
chl,2002,1000000,Arms Exports (USD)
chl,2008,100000000,Arms Exports (USD)
chl,2014,20000000,Arms Exports (USD)
chl,2018,0,Arms Exports (USD)
chn,1960,285000000,Arms Exports (USD)
chn,1961,35000000,Arms Exports (USD)
chn,1962,47000000,Arms Exports (USD)
chn,1963,12000000,Arms Exports (USD)
chn,1964,68000000,Arms Exports (USD)
chn,1965,387000000,Arms Exports (USD)
chn,1966,619000000,Arms Exports (USD)
chn,1967,412000000,Arms Exports (USD)
chn,1968,730000000,Arms Exports (USD)
chn,1969,657000000,Arms Exports (USD)
chn,1970,893000000,Arms Exports (USD)
chn,1971,1296000000,Arms Exports (USD)
chn,1972,1242000000,Arms Exports (USD)
chn,1973,665000000,Arms Exports (USD)
chn,1974,516000000,Arms Exports (USD)
chn,1975,669000000,Arms Exports (USD)
chn,1976,588000000,Arms Exports (USD)
chn,1977,231000000,Arms Exports (USD)
chn,1978,618000000,Arms Exports (USD)
chn,1979,561000000,Arms Exports (USD)
chn,1980,950000000,Arms Exports (USD)
chn,1981,660000000,Arms Exports (USD)
chn,1982,1511000000,Arms Exports (USD)
chn,1983,1764000000,Arms Exports (USD)
chn,1984,1936000000,Arms Exports (USD)
chn,1985,1296000000,Arms Exports (USD)
chn,1986,1868000000,Arms Exports (USD)
chn,1987,2622000000,Arms Exports (USD)
chn,1988,1428000000,Arms Exports (USD)
chn,1989,1046000000,Arms Exports (USD)
chn,1990,949000000,Arms Exports (USD)
chn,1991,1313000000,Arms Exports (USD)
chn,1992,675000000,Arms Exports (USD)
chn,1993,1415000000,Arms Exports (USD)
chn,1994,1077000000,Arms Exports (USD)
chn,1995,1009000000,Arms Exports (USD)
chn,1996,766000000,Arms Exports (USD)
chn,1997,427000000,Arms Exports (USD)
chn,1998,350000000,Arms Exports (USD)
chn,1999,329000000,Arms Exports (USD)
chn,2000,310000000,Arms Exports (USD)
chn,2001,514000000,Arms Exports (USD)
chn,2002,527000000,Arms Exports (USD)
chn,2003,704000000,Arms Exports (USD)
chn,2004,411000000,Arms Exports (USD)
chn,2005,337000000,Arms Exports (USD)
chn,2006,722000000,Arms Exports (USD)
chn,2007,510000000,Arms Exports (USD)
chn,2008,607000000,Arms Exports (USD)
chn,2009,1133000000,Arms Exports (USD)
chn,2010,1472000000,Arms Exports (USD)
chn,2011,1266000000,Arms Exports (USD)
chn,2012,1520000000,Arms Exports (USD)
chn,2013,2059000000,Arms Exports (USD)
chn,2014,1308000000,Arms Exports (USD)
chn,2015,1800000000,Arms Exports (USD)
chn,2016,2449000000,Arms Exports (USD)
chn,2017,1617000000,Arms Exports (USD)
chn,2018,1372000000,Arms Exports (USD)
chn,2019,1585000000,Arms Exports (USD)
chn,2020,704000000,Arms Exports (USD)
chn,2021,1462000000,Arms Exports (USD)
chn,2022,2017000000,Arms Exports (USD)
civ,1971,1000000,Arms Exports (USD)
civ,2018,1000000,Arms Exports (USD)
cod,1979,1000000,Arms Exports (USD)
cod,1997,22000000,Arms Exports (USD)
col,2002,5000000,Arms Exports (USD)
col,2012,0,Arms Exports (USD)
col,2017,10000000,Arms Exports (USD)
col,2019,10000000,Arms Exports (USD)
col,2020,4000000,Arms Exports (USD)
cri,2008,0,Arms Exports (USD)
cri,2009,3000000,Arms Exports (USD)
cub,1975,1000000,Arms Exports (USD)
cub,1978,12000000,Arms Exports (USD)
cub,1979,10000000,Arms Exports (USD)
cub,1980,8000000,Arms Exports (USD)
cyp,1996,34000000,Arms Exports (USD)
cze,1993,199000000,Arms Exports (USD)
cze,1994,318000000,Arms Exports (USD)
cze,1995,143000000,Arms Exports (USD)
cze,1996,123000000,Arms Exports (USD)
cze,1997,24000000,Arms Exports (USD)
cze,1998,20000000,Arms Exports (USD)
cze,1999,57000000,Arms Exports (USD)
cze,2000,81000000,Arms Exports (USD)
cze,2001,88000000,Arms Exports (USD)
cze,2002,59000000,Arms Exports (USD)
cze,2003,65000000,Arms Exports (USD)
cze,2004,1000000,Arms Exports (USD)
cze,2005,70000000,Arms Exports (USD)
cze,2006,44000000,Arms Exports (USD)
cze,2007,32000000,Arms Exports (USD)
cze,2008,33000000,Arms Exports (USD)
cze,2009,23000000,Arms Exports (USD)
cze,2010,5000000,Arms Exports (USD)
cze,2011,10000000,Arms Exports (USD)
cze,2012,8000000,Arms Exports (USD)
cze,2013,40000000,Arms Exports (USD)
cze,2014,26000000,Arms Exports (USD)
cze,2015,150000000,Arms Exports (USD)
cze,2016,151000000,Arms Exports (USD)
cze,2017,88000000,Arms Exports (USD)
cze,2018,90000000,Arms Exports (USD)
cze,2019,32000000,Arms Exports (USD)
cze,2020,31000000,Arms Exports (USD)
cze,2021,5000000,Arms Exports (USD)
cze,2022,116000000,Arms Exports (USD)
deu,1960,156000000,Arms Exports (USD)
deu,1961,12000000,Arms Exports (USD)
deu,1962,147000000,Arms Exports (USD)
deu,1963,134000000,Arms Exports (USD)
deu,1964,438000000,Arms Exports (USD)
deu,1965,328000000,Arms Exports (USD)
deu,1966,712000000,Arms Exports (USD)
deu,1967,772000000,Arms Exports (USD)
deu,1968,589000000,Arms Exports (USD)
deu,1969,875000000,Arms Exports (USD)
deu,1970,1581000000,Arms Exports (USD)
deu,1971,1357000000,Arms Exports (USD)
deu,1972,1359000000,Arms Exports (USD)
deu,1973,224000000,Arms Exports (USD)
deu,1974,1189000000,Arms Exports (USD)
deu,1975,1422000000,Arms Exports (USD)
deu,1976,1655000000,Arms Exports (USD)
deu,1977,1925000000,Arms Exports (USD)
deu,1978,1602000000,Arms Exports (USD)
deu,1979,1420000000,Arms Exports (USD)
deu,1980,1589000000,Arms Exports (USD)
deu,1981,1900000000,Arms Exports (USD)
deu,1982,1516000000,Arms Exports (USD)
deu,1983,2216000000,Arms Exports (USD)
deu,1984,2839000000,Arms Exports (USD)
deu,1985,1331000000,Arms Exports (USD)
deu,1986,1384000000,Arms Exports (USD)
deu,1987,929000000,Arms Exports (USD)
deu,1988,1397000000,Arms Exports (USD)
deu,1989,1287000000,Arms Exports (USD)
deu,1990,1856000000,Arms Exports (USD)
deu,1991,2446000000,Arms Exports (USD)
deu,1992,1526000000,Arms Exports (USD)
deu,1993,1559000000,Arms Exports (USD)
deu,1994,2931000000,Arms Exports (USD)
deu,1995,1552000000,Arms Exports (USD)
deu,1996,1975000000,Arms Exports (USD)
deu,1997,957000000,Arms Exports (USD)
deu,1998,1830000000,Arms Exports (USD)
deu,1999,1885000000,Arms Exports (USD)
deu,2000,1653000000,Arms Exports (USD)
deu,2001,918000000,Arms Exports (USD)
deu,2002,924000000,Arms Exports (USD)
deu,2003,1652000000,Arms Exports (USD)
deu,2004,1102000000,Arms Exports (USD)
deu,2005,2086000000,Arms Exports (USD)
deu,2006,2490000000,Arms Exports (USD)
deu,2007,3302000000,Arms Exports (USD)
deu,2008,2392000000,Arms Exports (USD)
deu,2009,2212000000,Arms Exports (USD)
deu,2010,2373000000,Arms Exports (USD)
deu,2011,1217000000,Arms Exports (USD)
deu,2012,730000000,Arms Exports (USD)
deu,2013,786000000,Arms Exports (USD)
deu,2014,1822000000,Arms Exports (USD)
deu,2015,1820000000,Arms Exports (USD)
deu,2016,2529000000,Arms Exports (USD)
deu,2017,1866000000,Arms Exports (USD)
deu,2018,1106000000,Arms Exports (USD)
deu,2019,1020000000,Arms Exports (USD)
deu,2020,1172000000,Arms Exports (USD)
deu,2021,938000000,Arms Exports (USD)
deu,2022,1510000000,Arms Exports (USD)
dnk,1960,20000000,Arms Exports (USD)
dnk,1964,60000000,Arms Exports (USD)
dnk,1965,12000000,Arms Exports (USD)
dnk,1967,128000000,Arms Exports (USD)
dnk,1968,24000000,Arms Exports (USD)
dnk,1975,24000000,Arms Exports (USD)
dnk,1980,18000000,Arms Exports (USD)
dnk,1981,29000000,Arms Exports (USD)
dnk,1982,64000000,Arms Exports (USD)
dnk,1983,115000000,Arms Exports (USD)
dnk,1987,117000000,Arms Exports (USD)
dnk,1988,36000000,Arms Exports (USD)
dnk,1990,80000000,Arms Exports (USD)
dnk,1991,8000000,Arms Exports (USD)
dnk,1993,183000000,Arms Exports (USD)
dnk,1994,272000000,Arms Exports (USD)
dnk,1995,16000000,Arms Exports (USD)
dnk,1999,3000000,Arms Exports (USD)
dnk,2000,18000000,Arms Exports (USD)
dnk,2002,10000000,Arms Exports (USD)
dnk,2003,2000000,Arms Exports (USD)
dnk,2006,5000000,Arms Exports (USD)
dnk,2007,6000000,Arms Exports (USD)
dnk,2008,8000000,Arms Exports (USD)
dnk,2009,10000000,Arms Exports (USD)
dnk,2010,8000000,Arms Exports (USD)
dnk,2011,26000000,Arms Exports (USD)
dnk,2012,26000000,Arms Exports (USD)
dnk,2013,8000000,Arms Exports (USD)
dnk,2014,19000000,Arms Exports (USD)
dnk,2015,22000000,Arms Exports (USD)
dnk,2016,21000000,Arms Exports (USD)
dnk,2017,13000000,Arms Exports (USD)
dnk,2018,25000000,Arms Exports (USD)
dnk,2019,2000000,Arms Exports (USD)
dnk,2021,24000000,Arms Exports (USD)
dnk,2022,67000000,Arms Exports (USD)
dom,2017,4000000,Arms Exports (USD)
dza,1968,6000000,Arms Exports (USD)
dza,1980,6000000,Arms Exports (USD)
dza,2016,0,Arms Exports (USD)
ecu,2014,6000000,Arms Exports (USD)
ecu,2018,2000000,Arms Exports (USD)
egy,1961,0,Arms Exports (USD)
egy,1962,7000000,Arms Exports (USD)
egy,1963,8000000,Arms Exports (USD)
egy,1964,1000000,Arms Exports (USD)
egy,1966,13000000,Arms Exports (USD)
egy,1967,15000000,Arms Exports (USD)
egy,1968,26000000,Arms Exports (USD)
egy,1969,15000000,Arms Exports (USD)
egy,1970,39000000,Arms Exports (USD)
egy,1975,16000000,Arms Exports (USD)
egy,1977,67000000,Arms Exports (USD)
egy,1978,78000000,Arms Exports (USD)
egy,1979,13000000,Arms Exports (USD)
egy,1980,29000000,Arms Exports (USD)
egy,1981,77000000,Arms Exports (USD)
egy,1982,81000000,Arms Exports (USD)
egy,1983,71000000,Arms Exports (USD)
egy,1984,37000000,Arms Exports (USD)
egy,1985,5000000,Arms Exports (USD)
egy,1986,19000000,Arms Exports (USD)
egy,1987,61000000,Arms Exports (USD)
egy,1988,66000000,Arms Exports (USD)
egy,1989,66000000,Arms Exports (USD)
egy,1990,25000000,Arms Exports (USD)
egy,1992,15000000,Arms Exports (USD)
egy,1993,28000000,Arms Exports (USD)
egy,1994,17000000,Arms Exports (USD)
egy,1995,12000000,Arms Exports (USD)
egy,1996,5000000,Arms Exports (USD)
egy,1997,5000000,Arms Exports (USD)
egy,2014,7000000,Arms Exports (USD)
egy,2015,21000000,Arms Exports (USD)
egy,2019,3000000,Arms Exports (USD)
egy,2021,41000000,Arms Exports (USD)
egy,2022,41000000,Arms Exports (USD)
eri,1998,2000000,Arms Exports (USD)
eri,1999,0,Arms Exports (USD)
eri,2006,0,Arms Exports (USD)
esp,1960,1000000,Arms Exports (USD)
esp,1961,5000000,Arms Exports (USD)
esp,1962,6000000,Arms Exports (USD)
esp,1963,6000000,Arms Exports (USD)
esp,1964,7000000,Arms Exports (USD)
esp,1965,21000000,Arms Exports (USD)
esp,1966,21000000,Arms Exports (USD)
esp,1967,7000000,Arms Exports (USD)
esp,1968,7000000,Arms Exports (USD)
esp,1969,6000000,Arms Exports (USD)
esp,1970,70000000,Arms Exports (USD)
esp,1971,140000000,Arms Exports (USD)
esp,1972,4000000,Arms Exports (USD)
esp,1973,4000000,Arms Exports (USD)
esp,1974,84000000,Arms Exports (USD)
esp,1975,267000000,Arms Exports (USD)
esp,1976,46000000,Arms Exports (USD)
esp,1977,25000000,Arms Exports (USD)
esp,1978,38000000,Arms Exports (USD)
esp,1979,18000000,Arms Exports (USD)
esp,1980,10000000,Arms Exports (USD)
esp,1981,132000000,Arms Exports (USD)
esp,1982,260000000,Arms Exports (USD)
esp,1983,370000000,Arms Exports (USD)
esp,1984,244000000,Arms Exports (USD)
esp,1985,93000000,Arms Exports (USD)
esp,1986,198000000,Arms Exports (USD)
esp,1987,158000000,Arms Exports (USD)
esp,1988,143000000,Arms Exports (USD)
esp,1989,177000000,Arms Exports (USD)
esp,1990,117000000,Arms Exports (USD)
esp,1991,105000000,Arms Exports (USD)
esp,1992,71000000,Arms Exports (USD)
esp,1993,104000000,Arms Exports (USD)
esp,1994,254000000,Arms Exports (USD)
esp,1995,89000000,Arms Exports (USD)
esp,1996,113000000,Arms Exports (USD)
esp,1997,634000000,Arms Exports (USD)
esp,1998,174000000,Arms Exports (USD)
esp,1999,46000000,Arms Exports (USD)
esp,2000,47000000,Arms Exports (USD)
esp,2001,8000000,Arms Exports (USD)
esp,2002,18000000,Arms Exports (USD)
esp,2003,99000000,Arms Exports (USD)
esp,2004,54000000,Arms Exports (USD)
esp,2005,113000000,Arms Exports (USD)
esp,2006,898000000,Arms Exports (USD)
esp,2007,628000000,Arms Exports (USD)
esp,2008,626000000,Arms Exports (USD)
esp,2009,984000000,Arms Exports (USD)
esp,2010,273000000,Arms Exports (USD)
esp,2011,997000000,Arms Exports (USD)
esp,2012,266000000,Arms Exports (USD)
esp,2013,450000000,Arms Exports (USD)
esp,2014,962000000,Arms Exports (USD)
esp,2015,977000000,Arms Exports (USD)
esp,2016,480000000,Arms Exports (USD)
esp,2017,820000000,Arms Exports (USD)
esp,2018,705000000,Arms Exports (USD)
esp,2019,308000000,Arms Exports (USD)
esp,2020,971000000,Arms Exports (USD)
esp,2021,594000000,Arms Exports (USD)
esp,2022,950000000,Arms Exports (USD)
est,1996,8000000,Arms Exports (USD)
est,2015,0,Arms Exports (USD)
est,2022,6000000,Arms Exports (USD)
eth,1985,35000000,Arms Exports (USD)
eth,1987,51000000,Arms Exports (USD)
eth,1997,17000000,Arms Exports (USD)
fin,1960,75000000,Arms Exports (USD)
fin,1961,1000000,Arms Exports (USD)
fin,1962,1000000,Arms Exports (USD)
fin,1965,1000000,Arms Exports (USD)
fin,1966,62000000,Arms Exports (USD)
fin,1967,33000000,Arms Exports (USD)
fin,1968,33000000,Arms Exports (USD)
fin,1969,33000000,Arms Exports (USD)
fin,1970,32000000,Arms Exports (USD)
fin,1971,39000000,Arms Exports (USD)
fin,1972,30000000,Arms Exports (USD)
fin,1974,63000000,Arms Exports (USD)
fin,1975,63000000,Arms Exports (USD)
fin,1978,63000000,Arms Exports (USD)
fin,1979,63000000,Arms Exports (USD)
fin,1982,15000000,Arms Exports (USD)
fin,1988,1000000,Arms Exports (USD)
fin,1991,18000000,Arms Exports (USD)
fin,1992,9000000,Arms Exports (USD)
fin,1993,12000000,Arms Exports (USD)
fin,1994,20000000,Arms Exports (USD)
fin,1995,25000000,Arms Exports (USD)
fin,1996,3000000,Arms Exports (USD)
fin,1997,1000000,Arms Exports (USD)
fin,1998,17000000,Arms Exports (USD)
fin,1999,20000000,Arms Exports (USD)
fin,2000,12000000,Arms Exports (USD)
fin,2001,31000000,Arms Exports (USD)
fin,2002,35000000,Arms Exports (USD)
fin,2003,35000000,Arms Exports (USD)
fin,2004,27000000,Arms Exports (USD)
fin,2005,38000000,Arms Exports (USD)
fin,2006,121000000,Arms Exports (USD)
fin,2007,60000000,Arms Exports (USD)
fin,2008,97000000,Arms Exports (USD)
fin,2009,63000000,Arms Exports (USD)
fin,2010,69000000,Arms Exports (USD)
fin,2011,61000000,Arms Exports (USD)
fin,2012,99000000,Arms Exports (USD)
fin,2013,69000000,Arms Exports (USD)
fin,2014,93000000,Arms Exports (USD)
fin,2015,26000000,Arms Exports (USD)
fin,2016,54000000,Arms Exports (USD)
fin,2017,28000000,Arms Exports (USD)
fin,2018,39000000,Arms Exports (USD)
fin,2019,25000000,Arms Exports (USD)
fin,2020,12000000,Arms Exports (USD)
fin,2021,15000000,Arms Exports (USD)
fin,2022,29000000,Arms Exports (USD)
fji,1984,10000000,Arms Exports (USD)
fra,1960,931000000,Arms Exports (USD)
fra,1961,978000000,Arms Exports (USD)
fra,1962,1015000000,Arms Exports (USD)
fra,1963,1297000000,Arms Exports (USD)
fra,1964,1487000000,Arms Exports (USD)
fra,1965,1268000000,Arms Exports (USD)
fra,1966,1769000000,Arms Exports (USD)
fra,1967,1627000000,Arms Exports (USD)
fra,1968,1554000000,Arms Exports (USD)
fra,1969,1561000000,Arms Exports (USD)
fra,1970,1734000000,Arms Exports (USD)
fra,1971,2315000000,Arms Exports (USD)
fra,1972,2646000000,Arms Exports (USD)
fra,1973,2948000000,Arms Exports (USD)
fra,1974,2145000000,Arms Exports (USD)
fra,1975,2293000000,Arms Exports (USD)
fra,1976,2032000000,Arms Exports (USD)
fra,1977,2703000000,Arms Exports (USD)
fra,1978,3253000000,Arms Exports (USD)
fra,1979,2937000000,Arms Exports (USD)
fra,1980,3812000000,Arms Exports (USD)
fra,1981,3727000000,Arms Exports (USD)
fra,1982,3798000000,Arms Exports (USD)
fra,1983,3446000000,Arms Exports (USD)
fra,1984,2958000000,Arms Exports (USD)
fra,1985,4015000000,Arms Exports (USD)
fra,1986,2979000000,Arms Exports (USD)
fra,1987,1752000000,Arms Exports (USD)
fra,1988,1938000000,Arms Exports (USD)
fra,1989,2288000000,Arms Exports (USD)
fra,1990,1820000000,Arms Exports (USD)
fra,1991,1191000000,Arms Exports (USD)
fra,1992,1206000000,Arms Exports (USD)
fra,1993,961000000,Arms Exports (USD)
fra,1994,857000000,Arms Exports (USD)
fra,1995,954000000,Arms Exports (USD)
fra,1996,1857000000,Arms Exports (USD)
fra,1997,3194000000,Arms Exports (USD)
fra,1998,3127000000,Arms Exports (USD)
fra,1999,1762000000,Arms Exports (USD)
fra,2000,1023000000,Arms Exports (USD)
fra,2001,1378000000,Arms Exports (USD)
fra,2002,1387000000,Arms Exports (USD)
fra,2003,1365000000,Arms Exports (USD)
fra,2004,2150000000,Arms Exports (USD)
fra,2005,1664000000,Arms Exports (USD)
fra,2006,1502000000,Arms Exports (USD)
fra,2007,2168000000,Arms Exports (USD)
fra,2008,1884000000,Arms Exports (USD)
fra,2009,1863000000,Arms Exports (USD)
fra,2010,864000000,Arms Exports (USD)
fra,2011,2234000000,Arms Exports (USD)
fra,2012,1308000000,Arms Exports (USD)
fra,2013,1780000000,Arms Exports (USD)
fra,2014,1755000000,Arms Exports (USD)
fra,2015,2263000000,Arms Exports (USD)
fra,2016,2155000000,Arms Exports (USD)
fra,2017,2355000000,Arms Exports (USD)
fra,2018,1998000000,Arms Exports (USD)
fra,2019,3612000000,Arms Exports (USD)
fra,2020,2378000000,Arms Exports (USD)
fra,2021,3853000000,Arms Exports (USD)
fra,2022,3021000000,Arms Exports (USD)
gab,1973,1000000,Arms Exports (USD)
gbr,1960,2246000000,Arms Exports (USD)
gbr,1961,1270000000,Arms Exports (USD)
gbr,1962,1140000000,Arms Exports (USD)
gbr,1963,1283000000,Arms Exports (USD)
gbr,1964,1395000000,Arms Exports (USD)
gbr,1965,1470000000,Arms Exports (USD)
gbr,1966,1369000000,Arms Exports (USD)
gbr,1967,1988000000,Arms Exports (USD)
gbr,1968,1647000000,Arms Exports (USD)
gbr,1969,1790000000,Arms Exports (USD)
gbr,1970,927000000,Arms Exports (USD)
gbr,1971,2252000000,Arms Exports (USD)
gbr,1972,2512000000,Arms Exports (USD)
gbr,1973,2768000000,Arms Exports (USD)
gbr,1974,2353000000,Arms Exports (USD)
gbr,1975,2441000000,Arms Exports (USD)
gbr,1976,2513000000,Arms Exports (USD)
gbr,1977,2208000000,Arms Exports (USD)
gbr,1978,2220000000,Arms Exports (USD)
gbr,1979,1539000000,Arms Exports (USD)
gbr,1980,1589000000,Arms Exports (USD)
gbr,1981,2365000000,Arms Exports (USD)
gbr,1982,2514000000,Arms Exports (USD)
gbr,1983,2596000000,Arms Exports (USD)
gbr,1984,2567000000,Arms Exports (USD)
gbr,1985,2142000000,Arms Exports (USD)
gbr,1986,1973000000,Arms Exports (USD)
gbr,1987,3594000000,Arms Exports (USD)
gbr,1988,2519000000,Arms Exports (USD)
gbr,1989,3515000000,Arms Exports (USD)
gbr,1990,1851000000,Arms Exports (USD)
gbr,1991,1515000000,Arms Exports (USD)
gbr,1992,1098000000,Arms Exports (USD)
gbr,1993,1389000000,Arms Exports (USD)
gbr,1994,1522000000,Arms Exports (USD)
gbr,1995,1460000000,Arms Exports (USD)
gbr,1996,1618000000,Arms Exports (USD)
gbr,1997,2359000000,Arms Exports (USD)
gbr,1998,1387000000,Arms Exports (USD)
gbr,1999,1310000000,Arms Exports (USD)
gbr,2000,1601000000,Arms Exports (USD)
gbr,2001,1359000000,Arms Exports (USD)
gbr,2002,1076000000,Arms Exports (USD)
gbr,2003,769000000,Arms Exports (USD)
gbr,2004,1217000000,Arms Exports (USD)
gbr,2005,1001000000,Arms Exports (USD)
gbr,2006,954000000,Arms Exports (USD)
gbr,2007,920000000,Arms Exports (USD)
gbr,2008,927000000,Arms Exports (USD)
gbr,2009,1073000000,Arms Exports (USD)
gbr,2010,1151000000,Arms Exports (USD)
gbr,2011,1007000000,Arms Exports (USD)
gbr,2012,816000000,Arms Exports (USD)
gbr,2013,1493000000,Arms Exports (USD)
gbr,2014,1658000000,Arms Exports (USD)
gbr,2015,1177000000,Arms Exports (USD)
gbr,2016,1339000000,Arms Exports (USD)
gbr,2017,1117000000,Arms Exports (USD)
gbr,2018,683000000,Arms Exports (USD)
gbr,2019,910000000,Arms Exports (USD)
gbr,2020,625000000,Arms Exports (USD)
gbr,2021,656000000,Arms Exports (USD)
gbr,2022,1504000000,Arms Exports (USD)
geo,1999,46000000,Arms Exports (USD)
geo,2000,69000000,Arms Exports (USD)
geo,2002,69000000,Arms Exports (USD)
geo,2004,16000000,Arms Exports (USD)
geo,2016,6000000,Arms Exports (USD)
geo,2017,7000000,Arms Exports (USD)
gha,1979,6000000,Arms Exports (USD)
gha,2005,19000000,Arms Exports (USD)
grc,1964,7000000,Arms Exports (USD)
grc,1965,1000000,Arms Exports (USD)
grc,1992,15000000,Arms Exports (USD)
grc,1993,10000000,Arms Exports (USD)
grc,1994,18000000,Arms Exports (USD)
grc,1996,19000000,Arms Exports (USD)
grc,1997,31000000,Arms Exports (USD)
grc,1998,9000000,Arms Exports (USD)
grc,1999,3000000,Arms Exports (USD)
grc,2000,2000000,Arms Exports (USD)
grc,2001,2000000,Arms Exports (USD)
grc,2003,6000000,Arms Exports (USD)
grc,2004,22000000,Arms Exports (USD)
grc,2005,13000000,Arms Exports (USD)
grc,2006,23000000,Arms Exports (USD)
grc,2017,30000000,Arms Exports (USD)
grc,2022,7000000,Arms Exports (USD)
guy,1976,2000000,Arms Exports (USD)
hrv,2000,2000000,Arms Exports (USD)
hrv,2017,3000000,Arms Exports (USD)
hrv,2022,4000000,Arms Exports (USD)
hun,1966,18000000,Arms Exports (USD)
hun,1967,18000000,Arms Exports (USD)
hun,1968,37000000,Arms Exports (USD)
hun,1969,28000000,Arms Exports (USD)
hun,1972,8000000,Arms Exports (USD)
hun,1973,44000000,Arms Exports (USD)
hun,1974,8000000,Arms Exports (USD)
hun,1975,8000000,Arms Exports (USD)
hun,1980,4000000,Arms Exports (USD)
hun,1981,30000000,Arms Exports (USD)
hun,1982,4000000,Arms Exports (USD)
hun,1983,4000000,Arms Exports (USD)
hun,1993,21000000,Arms Exports (USD)
hun,1995,6000000,Arms Exports (USD)
hun,1997,24000000,Arms Exports (USD)
hun,2002,34000000,Arms Exports (USD)
hun,2005,82000000,Arms Exports (USD)
hun,2007,9000000,Arms Exports (USD)
hun,2013,41000000,Arms Exports (USD)
idn,1963,7000000,Arms Exports (USD)
idn,1970,12000000,Arms Exports (USD)
idn,1978,9000000,Arms Exports (USD)
idn,1980,4000000,Arms Exports (USD)
idn,1985,8000000,Arms Exports (USD)
idn,1986,4000000,Arms Exports (USD)
idn,1993,18000000,Arms Exports (USD)
idn,1994,18000000,Arms Exports (USD)
idn,1995,27000000,Arms Exports (USD)
idn,1997,9000000,Arms Exports (USD)
idn,1999,54000000,Arms Exports (USD)
idn,2001,18000000,Arms Exports (USD)
idn,2002,54000000,Arms Exports (USD)
idn,2004,27000000,Arms Exports (USD)
idn,2005,9000000,Arms Exports (USD)
idn,2006,9000000,Arms Exports (USD)
idn,2008,1000000,Arms Exports (USD)
idn,2011,4000000,Arms Exports (USD)
idn,2016,85000000,Arms Exports (USD)
idn,2017,94000000,Arms Exports (USD)
idn,2018,15000000,Arms Exports (USD)
idn,2019,9000000,Arms Exports (USD)
idn,2021,17000000,Arms Exports (USD)
ind,1968,1000000,Arms Exports (USD)
ind,1971,7000000,Arms Exports (USD)
ind,1972,2000000,Arms Exports (USD)
ind,1973,21000000,Arms Exports (USD)
ind,1974,24000000,Arms Exports (USD)
ind,1975,31000000,Arms Exports (USD)
ind,1978,27000000,Arms Exports (USD)
ind,1979,22000000,Arms Exports (USD)
ind,1982,2000000,Arms Exports (USD)
ind,1987,0,Arms Exports (USD)
ind,1988,1000000,Arms Exports (USD)
ind,1989,0,Arms Exports (USD)
ind,1990,7000000,Arms Exports (USD)
ind,1991,0,Arms Exports (USD)
ind,1992,3000000,Arms Exports (USD)
ind,1993,9000000,Arms Exports (USD)
ind,1994,2000000,Arms Exports (USD)
ind,1995,2000000,Arms Exports (USD)
ind,1996,0,Arms Exports (USD)
ind,1997,0,Arms Exports (USD)
ind,1998,0,Arms Exports (USD)
ind,1999,0,Arms Exports (USD)
ind,2000,21000000,Arms Exports (USD)
ind,2001,2000000,Arms Exports (USD)
ind,2002,0,Arms Exports (USD)
ind,2003,4000000,Arms Exports (USD)
ind,2004,31000000,Arms Exports (USD)
ind,2005,19000000,Arms Exports (USD)
ind,2006,33000000,Arms Exports (USD)
ind,2007,23000000,Arms Exports (USD)
ind,2008,15000000,Arms Exports (USD)
ind,2009,27000000,Arms Exports (USD)
ind,2010,5000000,Arms Exports (USD)
ind,2011,3000000,Arms Exports (USD)
ind,2013,18000000,Arms Exports (USD)
ind,2014,40000000,Arms Exports (USD)
ind,2015,42000000,Arms Exports (USD)
ind,2016,49000000,Arms Exports (USD)
ind,2017,56000000,Arms Exports (USD)
ind,2018,47000000,Arms Exports (USD)
ind,2019,18000000,Arms Exports (USD)
ind,2020,151000000,Arms Exports (USD)
ind,2021,33000000,Arms Exports (USD)
ind,2022,11000000,Arms Exports (USD)
irl,1978,2000000,Arms Exports (USD)
irl,1979,9000000,Arms Exports (USD)
irl,1980,9000000,Arms Exports (USD)
irl,1981,2000000,Arms Exports (USD)
irl,2005,24000000,Arms Exports (USD)
irl,2006,48000000,Arms Exports (USD)
irl,2007,47000000,Arms Exports (USD)
irl,2008,41000000,Arms Exports (USD)
irl,2009,41000000,Arms Exports (USD)
irl,2010,38000000,Arms Exports (USD)
irl,2011,1000000,Arms Exports (USD)
irl,2012,40000000,Arms Exports (USD)
irl,2013,40000000,Arms Exports (USD)
irl,2014,21000000,Arms Exports (USD)
irl,2015,10000000,Arms Exports (USD)
irl,2021,13000000,Arms Exports (USD)
irl,2022,46000000,Arms Exports (USD)
irn,1962,3000000,Arms Exports (USD)
irn,1967,28000000,Arms Exports (USD)
irn,1970,23000000,Arms Exports (USD)
irn,1971,6000000,Arms Exports (USD)
irn,1972,106000000,Arms Exports (USD)
irn,1973,6000000,Arms Exports (USD)
irn,1974,129000000,Arms Exports (USD)
irn,1975,81000000,Arms Exports (USD)
irn,1980,0,Arms Exports (USD)
irn,1981,0,Arms Exports (USD)
irn,1982,0,Arms Exports (USD)
irn,1983,0,Arms Exports (USD)
irn,1984,1000000,Arms Exports (USD)
irn,1985,1000000,Arms Exports (USD)
irn,1986,1000000,Arms Exports (USD)
irn,1987,1000000,Arms Exports (USD)
irn,1988,1000000,Arms Exports (USD)
irn,1989,1000000,Arms Exports (USD)
irn,1990,0,Arms Exports (USD)
irn,1991,1000000,Arms Exports (USD)
irn,1992,1000000,Arms Exports (USD)
irn,1993,1000000,Arms Exports (USD)
irn,1994,0,Arms Exports (USD)
irn,1995,1000000,Arms Exports (USD)
irn,1996,2000000,Arms Exports (USD)
irn,1997,0,Arms Exports (USD)
irn,1998,0,Arms Exports (USD)
irn,1999,0,Arms Exports (USD)
irn,2000,0,Arms Exports (USD)
irn,2001,0,Arms Exports (USD)
irn,2002,3000000,Arms Exports (USD)
irn,2003,9000000,Arms Exports (USD)
irn,2004,1000000,Arms Exports (USD)
irn,2005,2000000,Arms Exports (USD)
irn,2006,75000000,Arms Exports (USD)
irn,2008,43000000,Arms Exports (USD)
irn,2009,45000000,Arms Exports (USD)
irn,2010,45000000,Arms Exports (USD)
irn,2011,83000000,Arms Exports (USD)
irn,2012,21000000,Arms Exports (USD)
irn,2013,12000000,Arms Exports (USD)
irn,2014,47000000,Arms Exports (USD)
irn,2015,15000000,Arms Exports (USD)
irn,2016,5000000,Arms Exports (USD)
irn,2017,20000000,Arms Exports (USD)
irn,2021,0,Arms Exports (USD)
irn,2022,123000000,Arms Exports (USD)
irq,1960,3000000,Arms Exports (USD)
irq,1980,28000000,Arms Exports (USD)
irq,1988,168000000,Arms Exports (USD)
irq,1989,20000000,Arms Exports (USD)
isl,1980,0,Arms Exports (USD)
isl,1993,5000000,Arms Exports (USD)
isr,1964,5000000,Arms Exports (USD)
isr,1965,10000000,Arms Exports (USD)
isr,1966,14000000,Arms Exports (USD)
isr,1967,13000000,Arms Exports (USD)
isr,1968,23000000,Arms Exports (USD)
isr,1969,28000000,Arms Exports (USD)
isr,1970,9000000,Arms Exports (USD)
isr,1971,21000000,Arms Exports (USD)
isr,1972,31000000,Arms Exports (USD)
isr,1973,12000000,Arms Exports (USD)
isr,1974,45000000,Arms Exports (USD)
isr,1975,109000000,Arms Exports (USD)
isr,1976,54000000,Arms Exports (USD)
isr,1977,195000000,Arms Exports (USD)
isr,1978,204000000,Arms Exports (USD)
isr,1979,184000000,Arms Exports (USD)
isr,1980,264000000,Arms Exports (USD)
isr,1981,215000000,Arms Exports (USD)
isr,1982,254000000,Arms Exports (USD)
isr,1983,409000000,Arms Exports (USD)
isr,1984,281000000,Arms Exports (USD)
isr,1985,207000000,Arms Exports (USD)
isr,1986,347000000,Arms Exports (USD)
isr,1987,142000000,Arms Exports (USD)
isr,1988,75000000,Arms Exports (USD)
isr,1989,209000000,Arms Exports (USD)
isr,1990,86000000,Arms Exports (USD)
isr,1991,141000000,Arms Exports (USD)
isr,1992,300000000,Arms Exports (USD)
isr,1993,346000000,Arms Exports (USD)
isr,1994,296000000,Arms Exports (USD)
isr,1995,154000000,Arms Exports (USD)
isr,1996,282000000,Arms Exports (USD)
isr,1997,231000000,Arms Exports (USD)
isr,1998,215000000,Arms Exports (USD)
isr,1999,166000000,Arms Exports (USD)
isr,2000,371000000,Arms Exports (USD)
isr,2001,441000000,Arms Exports (USD)
isr,2002,457000000,Arms Exports (USD)
isr,2003,376000000,Arms Exports (USD)
isr,2004,579000000,Arms Exports (USD)
isr,2005,476000000,Arms Exports (USD)
isr,2006,391000000,Arms Exports (USD)
isr,2007,558000000,Arms Exports (USD)
isr,2008,375000000,Arms Exports (USD)
isr,2009,746000000,Arms Exports (USD)
isr,2010,644000000,Arms Exports (USD)
isr,2011,548000000,Arms Exports (USD)
isr,2012,462000000,Arms Exports (USD)
isr,2013,410000000,Arms Exports (USD)
isr,2014,386000000,Arms Exports (USD)
isr,2015,562000000,Arms Exports (USD)
isr,2016,1226000000,Arms Exports (USD)
isr,2017,1187000000,Arms Exports (USD)
isr,2018,1122000000,Arms Exports (USD)
isr,2019,348000000,Arms Exports (USD)
isr,2020,381000000,Arms Exports (USD)
isr,2021,543000000,Arms Exports (USD)
isr,2022,831000000,Arms Exports (USD)
ita,1960,105000000,Arms Exports (USD)
ita,1961,246000000,Arms Exports (USD)
ita,1962,262000000,Arms Exports (USD)
ita,1963,241000000,Arms Exports (USD)
ita,1964,385000000,Arms Exports (USD)
ita,1965,296000000,Arms Exports (USD)
ita,1966,243000000,Arms Exports (USD)
ita,1967,149000000,Arms Exports (USD)
ita,1968,192000000,Arms Exports (USD)
ita,1969,325000000,Arms Exports (USD)
ita,1970,280000000,Arms Exports (USD)
ita,1971,395000000,Arms Exports (USD)
ita,1972,296000000,Arms Exports (USD)
ita,1973,328000000,Arms Exports (USD)
ita,1974,422000000,Arms Exports (USD)
ita,1975,512000000,Arms Exports (USD)
ita,1976,523000000,Arms Exports (USD)
ita,1977,505000000,Arms Exports (USD)
ita,1978,656000000,Arms Exports (USD)
ita,1979,1310000000,Arms Exports (USD)
ita,1980,1169000000,Arms Exports (USD)
ita,1981,1713000000,Arms Exports (USD)
ita,1982,1677000000,Arms Exports (USD)
ita,1983,1109000000,Arms Exports (USD)
ita,1984,1226000000,Arms Exports (USD)
ita,1985,868000000,Arms Exports (USD)
ita,1986,223000000,Arms Exports (USD)
ita,1987,621000000,Arms Exports (USD)
ita,1988,384000000,Arms Exports (USD)
ita,1989,324000000,Arms Exports (USD)
ita,1990,200000000,Arms Exports (USD)
ita,1991,354000000,Arms Exports (USD)
ita,1992,249000000,Arms Exports (USD)
ita,1993,341000000,Arms Exports (USD)
ita,1994,208000000,Arms Exports (USD)
ita,1995,301000000,Arms Exports (USD)
ita,1996,291000000,Arms Exports (USD)
ita,1997,451000000,Arms Exports (USD)
ita,1998,425000000,Arms Exports (USD)
ita,1999,521000000,Arms Exports (USD)
ita,2000,205000000,Arms Exports (USD)
ita,2001,269000000,Arms Exports (USD)
ita,2002,476000000,Arms Exports (USD)
ita,2003,362000000,Arms Exports (USD)
ita,2004,259000000,Arms Exports (USD)
ita,2005,830000000,Arms Exports (USD)
ita,2006,541000000,Arms Exports (USD)
ita,2007,722000000,Arms Exports (USD)
ita,2008,434000000,Arms Exports (USD)
ita,2009,508000000,Arms Exports (USD)
ita,2010,555000000,Arms Exports (USD)
ita,2011,965000000,Arms Exports (USD)
ita,2012,784000000,Arms Exports (USD)
ita,2013,922000000,Arms Exports (USD)
ita,2014,677000000,Arms Exports (USD)
ita,2015,687000000,Arms Exports (USD)
ita,2016,621000000,Arms Exports (USD)
ita,2017,717000000,Arms Exports (USD)
ita,2018,539000000,Arms Exports (USD)
ita,2019,384000000,Arms Exports (USD)
ita,2020,848000000,Arms Exports (USD)
ita,2021,1673000000,Arms Exports (USD)
ita,2022,1825000000,Arms Exports (USD)
jor,1971,36000000,Arms Exports (USD)
jor,1973,22000000,Arms Exports (USD)
jor,1974,23000000,Arms Exports (USD)
jor,1975,50000000,Arms Exports (USD)
jor,1977,18000000,Arms Exports (USD)
jor,1983,76000000,Arms Exports (USD)
jor,1985,2000000,Arms Exports (USD)
jor,1986,7000000,Arms Exports (USD)
jor,1988,7000000,Arms Exports (USD)
jor,1989,64000000,Arms Exports (USD)
jor,1994,65000000,Arms Exports (USD)
jor,1997,6000000,Arms Exports (USD)
jor,2004,43000000,Arms Exports (USD)
jor,2005,22000000,Arms Exports (USD)
jor,2007,13000000,Arms Exports (USD)
jor,2008,13000000,Arms Exports (USD)
jor,2009,28000000,Arms Exports (USD)
jor,2010,117000000,Arms Exports (USD)
jor,2012,21000000,Arms Exports (USD)
jor,2013,33000000,Arms Exports (USD)
jor,2014,114000000,Arms Exports (USD)
jor,2015,16000000,Arms Exports (USD)
jor,2016,18000000,Arms Exports (USD)
jor,2017,80000000,Arms Exports (USD)
jor,2018,1000000,Arms Exports (USD)
jor,2019,100000000,Arms Exports (USD)
jor,2020,66000000,Arms Exports (USD)
jor,2021,80000000,Arms Exports (USD)
jor,2022,51000000,Arms Exports (USD)
jpn,1960,1000000,Arms Exports (USD)
jpn,1961,61000000,Arms Exports (USD)
jpn,1962,100000000,Arms Exports (USD)
jpn,1963,8000000,Arms Exports (USD)
jpn,1964,14000000,Arms Exports (USD)
jpn,1966,5000000,Arms Exports (USD)
jpn,1969,31000000,Arms Exports (USD)
jpn,1971,15000000,Arms Exports (USD)
jpn,1972,9000000,Arms Exports (USD)
jpn,1973,36000000,Arms Exports (USD)
jpn,1974,55000000,Arms Exports (USD)
jpn,1978,9000000,Arms Exports (USD)
jpn,1979,11000000,Arms Exports (USD)
jpn,1980,167000000,Arms Exports (USD)
jpn,1983,17000000,Arms Exports (USD)
jpn,1984,17000000,Arms Exports (USD)
jpn,1985,44000000,Arms Exports (USD)
jpn,1986,92000000,Arms Exports (USD)
jpn,1989,15000000,Arms Exports (USD)
jpn,1990,30000000,Arms Exports (USD)
jpn,1991,54000000,Arms Exports (USD)
jpn,1992,101000000,Arms Exports (USD)
jpn,1993,122000000,Arms Exports (USD)
jpn,1994,130000000,Arms Exports (USD)
jpn,1995,126000000,Arms Exports (USD)
jpn,1996,165000000,Arms Exports (USD)
jpn,1997,25000000,Arms Exports (USD)
jpn,2007,40000000,Arms Exports (USD)
jpn,2017,2000000,Arms Exports (USD)
jpn,2018,3000000,Arms Exports (USD)
jpn,2022,13000000,Arms Exports (USD)
kaz,1995,13000000,Arms Exports (USD)
kaz,1996,12000000,Arms Exports (USD)
kaz,1997,3000000,Arms Exports (USD)
kaz,1998,6000000,Arms Exports (USD)
kaz,1999,183000000,Arms Exports (USD)
kaz,2000,19000000,Arms Exports (USD)
kaz,2001,12000000,Arms Exports (USD)
kaz,2004,5000000,Arms Exports (USD)
kaz,2006,6000000,Arms Exports (USD)
ken,1981,8000000,Arms Exports (USD)
ken,1991,2000000,Arms Exports (USD)
ken,1993,2000000,Arms Exports (USD)
kgz,1995,57000000,Arms Exports (USD)
kgz,2003,92000000,Arms Exports (USD)
kgz,2006,18000000,Arms Exports (USD)
kgz,2007,18000000,Arms Exports (USD)
kgz,2008,14000000,Arms Exports (USD)
kgz,2015,4000000,Arms Exports (USD)
kgz,2016,5000000,Arms Exports (USD)
kgz,2017,5000000,Arms Exports (USD)
khm,1993,0,Arms Exports (USD)
khm,1994,0,Arms Exports (USD)
khm,1995,0,Arms Exports (USD)
khm,2000,1000000,Arms Exports (USD)
kor,1972,141000000,Arms Exports (USD)
kor,1979,105000000,Arms Exports (USD)
kor,1980,105000000,Arms Exports (USD)
kor,1981,130000000,Arms Exports (USD)
kor,1982,65000000,Arms Exports (USD)
kor,1984,126000000,Arms Exports (USD)
kor,1985,28000000,Arms Exports (USD)
kor,1986,73000000,Arms Exports (USD)
kor,1988,54000000,Arms Exports (USD)
kor,1989,48000000,Arms Exports (USD)
kor,1990,72000000,Arms Exports (USD)
kor,1991,118000000,Arms Exports (USD)
kor,1993,60000000,Arms Exports (USD)
kor,1994,7000000,Arms Exports (USD)
kor,1995,27000000,Arms Exports (USD)
kor,1996,24000000,Arms Exports (USD)
kor,1997,25000000,Arms Exports (USD)
kor,1998,32000000,Arms Exports (USD)
kor,2000,10000000,Arms Exports (USD)
kor,2001,235000000,Arms Exports (USD)
kor,2003,96000000,Arms Exports (USD)
kor,2004,74000000,Arms Exports (USD)
kor,2005,109000000,Arms Exports (USD)
kor,2006,158000000,Arms Exports (USD)
kor,2007,278000000,Arms Exports (USD)
kor,2008,110000000,Arms Exports (USD)
kor,2009,224000000,Arms Exports (USD)
kor,2010,177000000,Arms Exports (USD)
kor,2011,328000000,Arms Exports (USD)
kor,2012,203000000,Arms Exports (USD)
kor,2013,350000000,Arms Exports (USD)
kor,2014,220000000,Arms Exports (USD)
kor,2015,94000000,Arms Exports (USD)
kor,2016,473000000,Arms Exports (USD)
kor,2017,738000000,Arms Exports (USD)
kor,2018,1054000000,Arms Exports (USD)
kor,2019,682000000,Arms Exports (USD)
kor,2020,772000000,Arms Exports (USD)
kor,2021,544000000,Arms Exports (USD)
kor,2022,209000000,Arms Exports (USD)
kwt,1967,3000000,Arms Exports (USD)
kwt,1980,27000000,Arms Exports (USD)
kwt,1984,4000000,Arms Exports (USD)
kwt,1998,95000000,Arms Exports (USD)
lbn,1967,1000000,Arms Exports (USD)
lbn,1991,1000000,Arms Exports (USD)
lbn,2002,48000000,Arms Exports (USD)
lby,1972,0,Arms Exports (USD)
lby,1973,0,Arms Exports (USD)
lby,1975,26000000,Arms Exports (USD)
lby,1976,4000000,Arms Exports (USD)
lby,1978,8000000,Arms Exports (USD)
lby,1979,395000000,Arms Exports (USD)
lby,1980,95000000,Arms Exports (USD)
lby,1981,107000000,Arms Exports (USD)
lby,1982,168000000,Arms Exports (USD)
lby,1983,14000000,Arms Exports (USD)
lby,1984,54000000,Arms Exports (USD)
lby,1985,33000000,Arms Exports (USD)
lby,1986,10000000,Arms Exports (USD)
lby,1987,14000000,Arms Exports (USD)
lby,1988,64000000,Arms Exports (USD)
lby,1989,7000000,Arms Exports (USD)
lby,1990,36000000,Arms Exports (USD)
lby,1994,3000000,Arms Exports (USD)
lby,1997,3000000,Arms Exports (USD)
lby,1998,10000000,Arms Exports (USD)
lby,2002,21000000,Arms Exports (USD)
lby,2003,16000000,Arms Exports (USD)
lby,2004,113000000,Arms Exports (USD)
lby,2005,113000000,Arms Exports (USD)
lby,2006,18000000,Arms Exports (USD)
lby,2007,9000000,Arms Exports (USD)
lby,2008,17000000,Arms Exports (USD)
lby,2009,32000000,Arms Exports (USD)
lby,2010,27000000,Arms Exports (USD)
lby,2011,0,Arms Exports (USD)
lka,1998,8000000,Arms Exports (USD)
ltu,2002,3000000,Arms Exports (USD)
ltu,2018,60000000,Arms Exports (USD)
ltu,2021,2000000,Arms Exports (USD)
ltu,2022,29000000,Arms Exports (USD)
lux,2007,0,Arms Exports (USD)
lux,2022,0,Arms Exports (USD)
lva,1994,9000000,Arms Exports (USD)
lva,2022,10000000,Arms Exports (USD)
mar,1962,2000000,Arms Exports (USD)
mar,1969,6000000,Arms Exports (USD)
mar,1978,6000000,Arms Exports (USD)
mar,2022,21000000,Arms Exports (USD)
mda,1992,11000000,Arms Exports (USD)
mda,1994,36000000,Arms Exports (USD)
mda,1997,217000000,Arms Exports (USD)
mda,2000,6000000,Arms Exports (USD)
mda,2001,42000000,Arms Exports (USD)
mda,2002,60000000,Arms Exports (USD)
mda,2003,13000000,Arms Exports (USD)
mda,2005,18000000,Arms Exports (USD)
mda,2006,3000000,Arms Exports (USD)
mda,2007,19000000,Arms Exports (USD)
mda,2008,29000000,Arms Exports (USD)
mda,2009,20000000,Arms Exports (USD)
mda,2011,11000000,Arms Exports (USD)
mex,2019,1000000,Arms Exports (USD)
mkd,2022,31000000,Arms Exports (USD)
mlt,2004,10000000,Arms Exports (USD)
mlt,2015,5000000,Arms Exports (USD)
mne,2006,71000000,Arms Exports (USD)
mne,2007,109000000,Arms Exports (USD)
mne,2010,18000000,Arms Exports (USD)
mne,2017,0,Arms Exports (USD)
moz,1977,1000000,Arms Exports (USD)
mwi,2000,1000000,Arms Exports (USD)
mys,1971,7000000,Arms Exports (USD)
mys,1982,6000000,Arms Exports (USD)
mys,1987,3000000,Arms Exports (USD)
mys,1995,0,Arms Exports (USD)
mys,1999,11000000,Arms Exports (USD)
mys,2009,0,Arms Exports (USD)
mys,2013,15000000,Arms Exports (USD)
mys,2014,15000000,Arms Exports (USD)
mys,2019,1000000,Arms Exports (USD)
ner,1973,0,Arms Exports (USD)
nga,1989,2000000,Arms Exports (USD)
nga,1990,3000000,Arms Exports (USD)
nga,2000,0,Arms Exports (USD)
nga,2021,2000000,Arms Exports (USD)
nga,2022,3000000,Arms Exports (USD)
nic,1989,2000000,Arms Exports (USD)
nic,1990,2000000,Arms Exports (USD)
nic,1992,72000000,Arms Exports (USD)
nic,1993,17000000,Arms Exports (USD)
nic,1995,5000000,Arms Exports (USD)
nld,1960,35000000,Arms Exports (USD)
nld,1961,108000000,Arms Exports (USD)
nld,1962,65000000,Arms Exports (USD)
nld,1963,45000000,Arms Exports (USD)
nld,1964,93000000,Arms Exports (USD)
nld,1965,39000000,Arms Exports (USD)
nld,1966,139000000,Arms Exports (USD)
nld,1967,95000000,Arms Exports (USD)
nld,1968,351000000,Arms Exports (USD)
nld,1969,113000000,Arms Exports (USD)
nld,1970,5000000,Arms Exports (USD)
nld,1971,161000000,Arms Exports (USD)
nld,1972,133000000,Arms Exports (USD)
nld,1973,206000000,Arms Exports (USD)
nld,1974,83000000,Arms Exports (USD)
nld,1975,148000000,Arms Exports (USD)
nld,1976,293000000,Arms Exports (USD)
nld,1977,448000000,Arms Exports (USD)
nld,1978,235000000,Arms Exports (USD)
nld,1979,243000000,Arms Exports (USD)
nld,1980,612000000,Arms Exports (USD)
nld,1981,801000000,Arms Exports (USD)
nld,1982,661000000,Arms Exports (USD)
nld,1983,457000000,Arms Exports (USD)
nld,1984,364000000,Arms Exports (USD)
nld,1985,180000000,Arms Exports (USD)
nld,1986,356000000,Arms Exports (USD)
nld,1987,505000000,Arms Exports (USD)
nld,1988,776000000,Arms Exports (USD)
nld,1989,558000000,Arms Exports (USD)
nld,1990,416000000,Arms Exports (USD)
nld,1991,455000000,Arms Exports (USD)
nld,1992,366000000,Arms Exports (USD)
nld,1993,458000000,Arms Exports (USD)
nld,1994,628000000,Arms Exports (USD)
nld,1995,458000000,Arms Exports (USD)
nld,1996,484000000,Arms Exports (USD)
nld,1997,608000000,Arms Exports (USD)
nld,1998,620000000,Arms Exports (USD)
nld,1999,355000000,Arms Exports (USD)
nld,2000,281000000,Arms Exports (USD)
nld,2001,199000000,Arms Exports (USD)
nld,2002,233000000,Arms Exports (USD)
nld,2003,331000000,Arms Exports (USD)
nld,2004,202000000,Arms Exports (USD)
nld,2005,504000000,Arms Exports (USD)
nld,2006,1143000000,Arms Exports (USD)
nld,2007,1219000000,Arms Exports (USD)
nld,2008,452000000,Arms Exports (USD)
nld,2009,500000000,Arms Exports (USD)
nld,2010,366000000,Arms Exports (USD)
nld,2011,541000000,Arms Exports (USD)
nld,2012,869000000,Arms Exports (USD)
nld,2013,384000000,Arms Exports (USD)
nld,2014,638000000,Arms Exports (USD)
nld,2015,469000000,Arms Exports (USD)
nld,2016,484000000,Arms Exports (USD)
nld,2017,1067000000,Arms Exports (USD)
nld,2018,466000000,Arms Exports (USD)
nld,2019,301000000,Arms Exports (USD)
nld,2020,462000000,Arms Exports (USD)
nld,2021,347000000,Arms Exports (USD)
nld,2022,295000000,Arms Exports (USD)
nor,1960,38000000,Arms Exports (USD)
nor,1962,25000000,Arms Exports (USD)
nor,1963,55000000,Arms Exports (USD)
nor,1964,67000000,Arms Exports (USD)
nor,1965,65000000,Arms Exports (USD)
nor,1966,80000000,Arms Exports (USD)
nor,1967,140000000,Arms Exports (USD)
nor,1968,65000000,Arms Exports (USD)
nor,1969,53000000,Arms Exports (USD)
nor,1971,4000000,Arms Exports (USD)
nor,1972,29000000,Arms Exports (USD)
nor,1973,10000000,Arms Exports (USD)
nor,1975,8000000,Arms Exports (USD)
nor,1976,8000000,Arms Exports (USD)
nor,1977,8000000,Arms Exports (USD)
nor,1978,87000000,Arms Exports (USD)
nor,1979,153000000,Arms Exports (USD)
nor,1980,152000000,Arms Exports (USD)
nor,1981,268000000,Arms Exports (USD)
nor,1982,66000000,Arms Exports (USD)
nor,1983,35000000,Arms Exports (USD)
nor,1985,42000000,Arms Exports (USD)
nor,1986,29000000,Arms Exports (USD)
nor,1987,54000000,Arms Exports (USD)
nor,1988,34000000,Arms Exports (USD)
nor,1989,127000000,Arms Exports (USD)
nor,1990,85000000,Arms Exports (USD)
nor,1991,170000000,Arms Exports (USD)
nor,1992,82000000,Arms Exports (USD)
nor,1993,51000000,Arms Exports (USD)
nor,1994,64000000,Arms Exports (USD)
nor,1995,21000000,Arms Exports (USD)
nor,1996,4000000,Arms Exports (USD)
nor,1997,19000000,Arms Exports (USD)
nor,1998,3000000,Arms Exports (USD)
nor,1999,5000000,Arms Exports (USD)
nor,2000,3000000,Arms Exports (USD)
nor,2001,42000000,Arms Exports (USD)
nor,2002,92000000,Arms Exports (USD)
nor,2003,101000000,Arms Exports (USD)
nor,2004,66000000,Arms Exports (USD)
nor,2005,6000000,Arms Exports (USD)
nor,2006,17000000,Arms Exports (USD)
nor,2007,58000000,Arms Exports (USD)
nor,2008,108000000,Arms Exports (USD)
nor,2009,151000000,Arms Exports (USD)
nor,2010,159000000,Arms Exports (USD)
nor,2011,150000000,Arms Exports (USD)
nor,2012,169000000,Arms Exports (USD)
nor,2013,173000000,Arms Exports (USD)
nor,2014,163000000,Arms Exports (USD)
nor,2015,217000000,Arms Exports (USD)
nor,2016,129000000,Arms Exports (USD)
nor,2017,146000000,Arms Exports (USD)
nor,2018,59000000,Arms Exports (USD)
nor,2019,31000000,Arms Exports (USD)
nor,2020,72000000,Arms Exports (USD)
nor,2021,119000000,Arms Exports (USD)
nor,2022,88000000,Arms Exports (USD)
nzl,1967,1000000,Arms Exports (USD)
nzl,1968,1000000,Arms Exports (USD)
nzl,1969,0,Arms Exports (USD)
nzl,1972,0,Arms Exports (USD)
nzl,1973,2000000,Arms Exports (USD)
nzl,1974,5000000,Arms Exports (USD)
nzl,1975,3000000,Arms Exports (USD)
nzl,1981,1000000,Arms Exports (USD)
nzl,1982,2000000,Arms Exports (USD)
nzl,1984,10000000,Arms Exports (USD)
nzl,1985,7000000,Arms Exports (USD)
nzl,1986,0,Arms Exports (USD)
nzl,1991,34000000,Arms Exports (USD)
nzl,1992,4000000,Arms Exports (USD)
nzl,1994,3000000,Arms Exports (USD)
nzl,1999,1000000,Arms Exports (USD)
nzl,2000,1000000,Arms Exports (USD)
nzl,2002,1000000,Arms Exports (USD)
nzl,2004,1000000,Arms Exports (USD)
nzl,2005,0,Arms Exports (USD)
nzl,2012,75000000,Arms Exports (USD)
nzl,2015,1000000,Arms Exports (USD)
nzl,2016,6000000,Arms Exports (USD)
nzl,2018,9000000,Arms Exports (USD)
nzl,2022,20000000,Arms Exports (USD)
omn,1977,5000000,Arms Exports (USD)
omn,1986,5000000,Arms Exports (USD)
omn,1994,0,Arms Exports (USD)
omn,2005,1000000,Arms Exports (USD)
omn,2017,7000000,Arms Exports (USD)
pak,1967,6000000,Arms Exports (USD)
pak,1971,3000000,Arms Exports (USD)
pak,1980,15000000,Arms Exports (USD)
pak,1981,30000000,Arms Exports (USD)
pak,1982,30000000,Arms Exports (USD)
pak,1989,1000000,Arms Exports (USD)
pak,1990,82000000,Arms Exports (USD)
pak,1991,3000000,Arms Exports (USD)
pak,1994,2000000,Arms Exports (USD)
pak,2000,3000000,Arms Exports (USD)
pak,2002,9000000,Arms Exports (USD)
pak,2003,8000000,Arms Exports (USD)
pak,2004,9000000,Arms Exports (USD)
pak,2005,24000000,Arms Exports (USD)
pak,2006,4000000,Arms Exports (USD)
pak,2008,1000000,Arms Exports (USD)
pak,2016,1000000,Arms Exports (USD)
pak,2017,3000000,Arms Exports (USD)
pak,2018,2000000,Arms Exports (USD)
pak,2019,1000000,Arms Exports (USD)
pak,2021,53000000,Arms Exports (USD)
pan,1979,2000000,Arms Exports (USD)
pan,2019,1000000,Arms Exports (USD)
per,1982,50000000,Arms Exports (USD)
per,2001,14000000,Arms Exports (USD)
per,2004,5000000,Arms Exports (USD)
phl,1986,1000000,Arms Exports (USD)
phl,2007,4000000,Arms Exports (USD)
pol,1960,5000000,Arms Exports (USD)
pol,1961,5000000,Arms Exports (USD)
pol,1962,12000000,Arms Exports (USD)
pol,1963,111000000,Arms Exports (USD)
pol,1964,237000000,Arms Exports (USD)
pol,1965,234000000,Arms Exports (USD)
pol,1966,319000000,Arms Exports (USD)
pol,1967,309000000,Arms Exports (USD)
pol,1968,288000000,Arms Exports (USD)
pol,1969,323000000,Arms Exports (USD)
pol,1970,268000000,Arms Exports (USD)
pol,1971,278000000,Arms Exports (USD)
pol,1972,276000000,Arms Exports (USD)
pol,1973,158000000,Arms Exports (USD)
pol,1974,232000000,Arms Exports (USD)
pol,1975,299000000,Arms Exports (USD)
pol,1976,408000000,Arms Exports (USD)
pol,1977,383000000,Arms Exports (USD)
pol,1978,319000000,Arms Exports (USD)
pol,1979,230000000,Arms Exports (USD)
pol,1980,209000000,Arms Exports (USD)
pol,1981,348000000,Arms Exports (USD)
pol,1982,213000000,Arms Exports (USD)
pol,1983,117000000,Arms Exports (USD)
pol,1984,91000000,Arms Exports (USD)
pol,1985,131000000,Arms Exports (USD)
pol,1986,265000000,Arms Exports (USD)
pol,1987,222000000,Arms Exports (USD)
pol,1988,232000000,Arms Exports (USD)
pol,1989,20000000,Arms Exports (USD)
pol,1990,105000000,Arms Exports (USD)
pol,1991,55000000,Arms Exports (USD)
pol,1992,56000000,Arms Exports (USD)
pol,1994,133000000,Arms Exports (USD)
pol,1995,179000000,Arms Exports (USD)
pol,1996,46000000,Arms Exports (USD)
pol,1997,21000000,Arms Exports (USD)
pol,1998,1000000,Arms Exports (USD)
pol,1999,65000000,Arms Exports (USD)
pol,2000,47000000,Arms Exports (USD)
pol,2001,81000000,Arms Exports (USD)
pol,2002,56000000,Arms Exports (USD)
pol,2003,83000000,Arms Exports (USD)
pol,2004,47000000,Arms Exports (USD)
pol,2005,18000000,Arms Exports (USD)
pol,2006,282000000,Arms Exports (USD)
pol,2007,163000000,Arms Exports (USD)
pol,2008,73000000,Arms Exports (USD)
pol,2009,75000000,Arms Exports (USD)
pol,2010,28000000,Arms Exports (USD)
pol,2011,8000000,Arms Exports (USD)
pol,2012,27000000,Arms Exports (USD)
pol,2013,142000000,Arms Exports (USD)
pol,2014,24000000,Arms Exports (USD)
pol,2015,2000000,Arms Exports (USD)
pol,2016,5000000,Arms Exports (USD)
pol,2017,10000000,Arms Exports (USD)
pol,2018,24000000,Arms Exports (USD)
pol,2019,10000000,Arms Exports (USD)
pol,2020,0,Arms Exports (USD)
pol,2021,3000000,Arms Exports (USD)
pol,2022,452000000,Arms Exports (USD)
prk,1974,8000000,Arms Exports (USD)
prk,1975,12000000,Arms Exports (USD)
prk,1979,20000000,Arms Exports (USD)
prk,1980,29000000,Arms Exports (USD)
prk,1981,5000000,Arms Exports (USD)
prk,1982,148000000,Arms Exports (USD)
prk,1983,250000000,Arms Exports (USD)
prk,1984,88000000,Arms Exports (USD)
prk,1985,57000000,Arms Exports (USD)
prk,1986,65000000,Arms Exports (USD)
prk,1987,212000000,Arms Exports (USD)
prk,1988,189000000,Arms Exports (USD)
prk,1989,66000000,Arms Exports (USD)
prk,1990,4000000,Arms Exports (USD)
prk,1991,113000000,Arms Exports (USD)
prk,1992,131000000,Arms Exports (USD)
prk,1993,137000000,Arms Exports (USD)
prk,1994,24000000,Arms Exports (USD)
prk,1995,41000000,Arms Exports (USD)
prk,1996,47000000,Arms Exports (USD)
prk,1997,47000000,Arms Exports (USD)
prk,1998,81000000,Arms Exports (USD)
prk,1999,55000000,Arms Exports (USD)
prk,2000,58000000,Arms Exports (USD)
prk,2001,73000000,Arms Exports (USD)
prk,2002,162000000,Arms Exports (USD)
prk,2003,134000000,Arms Exports (USD)
prk,2004,47000000,Arms Exports (USD)
prk,2005,20000000,Arms Exports (USD)
prk,2006,20000000,Arms Exports (USD)
prk,2007,20000000,Arms Exports (USD)
prk,2008,20000000,Arms Exports (USD)
prk,2009,26000000,Arms Exports (USD)
prk,2010,5000000,Arms Exports (USD)
prk,2014,1000000,Arms Exports (USD)
prt,1967,2000000,Arms Exports (USD)
prt,1971,3000000,Arms Exports (USD)
prt,1973,5000000,Arms Exports (USD)
prt,1974,11000000,Arms Exports (USD)
prt,1975,105000000,Arms Exports (USD)
prt,1976,21000000,Arms Exports (USD)
prt,1978,4000000,Arms Exports (USD)
prt,1979,4000000,Arms Exports (USD)
prt,1980,2000000,Arms Exports (USD)
prt,1983,1000000,Arms Exports (USD)
prt,1986,1000000,Arms Exports (USD)
prt,1987,1000000,Arms Exports (USD)
prt,1989,71000000,Arms Exports (USD)
prt,1993,1000000,Arms Exports (USD)
prt,2008,99000000,Arms Exports (USD)
prt,2009,46000000,Arms Exports (USD)
prt,2011,0,Arms Exports (USD)
prt,2012,0,Arms Exports (USD)
prt,2014,18000000,Arms Exports (USD)
prt,2015,7000000,Arms Exports (USD)
prt,2016,172000000,Arms Exports (USD)
prt,2017,56000000,Arms Exports (USD)
prt,2018,3000000,Arms Exports (USD)
prt,2019,3000000,Arms Exports (USD)
prt,2020,46000000,Arms Exports (USD)
prt,2021,11000000,Arms Exports (USD)
prt,2022,2000000,Arms Exports (USD)
qat,1993,40000000,Arms Exports (USD)
qat,1999,9000000,Arms Exports (USD)
qat,2006,2000000,Arms Exports (USD)
qat,2011,0,Arms Exports (USD)
qat,2018,3000000,Arms Exports (USD)
qat,2019,11000000,Arms Exports (USD)
qat,2021,13000000,Arms Exports (USD)
rou,1971,6000000,Arms Exports (USD)
rou,1972,9000000,Arms Exports (USD)
rou,1973,9000000,Arms Exports (USD)
rou,1974,1000000,Arms Exports (USD)
rou,1978,27000000,Arms Exports (USD)
rou,1979,44000000,Arms Exports (USD)
rou,1980,48000000,Arms Exports (USD)
rou,1981,30000000,Arms Exports (USD)
rou,1982,91000000,Arms Exports (USD)
rou,1983,101000000,Arms Exports (USD)
rou,1984,173000000,Arms Exports (USD)
rou,1985,99000000,Arms Exports (USD)
rou,1986,28000000,Arms Exports (USD)
rou,1987,35000000,Arms Exports (USD)
rou,1988,52000000,Arms Exports (USD)
rou,1989,25000000,Arms Exports (USD)
rou,1990,7000000,Arms Exports (USD)
rou,1991,5000000,Arms Exports (USD)
rou,1992,14000000,Arms Exports (USD)
rou,1993,16000000,Arms Exports (USD)
rou,1994,29000000,Arms Exports (USD)
rou,1995,9000000,Arms Exports (USD)
rou,1996,4000000,Arms Exports (USD)
rou,1997,11000000,Arms Exports (USD)
rou,1998,2000000,Arms Exports (USD)
rou,1999,19000000,Arms Exports (USD)
rou,2000,3000000,Arms Exports (USD)
rou,2003,24000000,Arms Exports (USD)
rou,2005,3000000,Arms Exports (USD)
rou,2006,8000000,Arms Exports (USD)
rou,2007,32000000,Arms Exports (USD)
rou,2009,2000000,Arms Exports (USD)
rou,2010,1000000,Arms Exports (USD)
rou,2011,0,Arms Exports (USD)
rou,2013,216000000,Arms Exports (USD)
rus,1992,2596000000,Arms Exports (USD)
rus,1993,3431000000,Arms Exports (USD)
rus,1994,1468000000,Arms Exports (USD)
rus,1995,3799000000,Arms Exports (USD)
rus,1996,3544000000,Arms Exports (USD)
rus,1997,3341000000,Arms Exports (USD)
rus,1998,2030000000,Arms Exports (USD)
rus,1999,4255000000,Arms Exports (USD)
rus,2000,4454000000,Arms Exports (USD)
rus,2001,5336000000,Arms Exports (USD)
rus,2002,5802000000,Arms Exports (USD)
rus,2003,5139000000,Arms Exports (USD)
rus,2004,6253000000,Arms Exports (USD)
rus,2005,5129000000,Arms Exports (USD)
rus,2006,5117000000,Arms Exports (USD)
rus,2007,5495000000,Arms Exports (USD)
rus,2008,5953000000,Arms Exports (USD)
rus,2009,5071000000,Arms Exports (USD)
rus,2010,6158000000,Arms Exports (USD)
rus,2011,8679000000,Arms Exports (USD)
rus,2012,8171000000,Arms Exports (USD)
rus,2013,7923000000,Arms Exports (USD)
rus,2014,5467000000,Arms Exports (USD)
rus,2015,5927000000,Arms Exports (USD)
rus,2016,6811000000,Arms Exports (USD)
rus,2017,6199000000,Arms Exports (USD)
rus,2018,7173000000,Arms Exports (USD)
rus,2019,5627000000,Arms Exports (USD)
rus,2020,3904000000,Arms Exports (USD)
rus,2021,2857000000,Arms Exports (USD)
rus,2022,2820000000,Arms Exports (USD)
sau,1967,4000000,Arms Exports (USD)
sau,1968,3000000,Arms Exports (USD)
sau,1972,2000000,Arms Exports (USD)
sau,1976,0,Arms Exports (USD)
sau,1977,13000000,Arms Exports (USD)
sau,1981,33000000,Arms Exports (USD)
sau,1984,6000000,Arms Exports (USD)
sau,1985,4000000,Arms Exports (USD)
sau,1993,12000000,Arms Exports (USD)
sau,1996,1000000,Arms Exports (USD)
sau,2006,18000000,Arms Exports (USD)
sau,2010,1000000,Arms Exports (USD)
sau,2011,62000000,Arms Exports (USD)
sau,2015,3000000,Arms Exports (USD)
sau,2016,5000000,Arms Exports (USD)
sdn,1967,1000000,Arms Exports (USD)
sdn,1986,4000000,Arms Exports (USD)
sdn,2013,11000000,Arms Exports (USD)
sen,1976,3000000,Arms Exports (USD)
sgp,1971,2000000,Arms Exports (USD)
sgp,1975,17000000,Arms Exports (USD)
sgp,1978,29000000,Arms Exports (USD)
sgp,1979,72000000,Arms Exports (USD)
sgp,1981,15000000,Arms Exports (USD)
sgp,1983,25000000,Arms Exports (USD)
sgp,1984,88000000,Arms Exports (USD)
sgp,1987,81000000,Arms Exports (USD)
sgp,1988,25000000,Arms Exports (USD)
sgp,1989,87000000,Arms Exports (USD)
sgp,1990,44000000,Arms Exports (USD)
sgp,1991,3000000,Arms Exports (USD)
sgp,1992,3000000,Arms Exports (USD)
sgp,1993,11000000,Arms Exports (USD)
sgp,1994,30000000,Arms Exports (USD)
sgp,1996,0,Arms Exports (USD)
sgp,1997,46000000,Arms Exports (USD)
sgp,1998,23000000,Arms Exports (USD)
sgp,1999,11000000,Arms Exports (USD)
sgp,2000,11000000,Arms Exports (USD)
sgp,2002,4000000,Arms Exports (USD)
sgp,2004,65000000,Arms Exports (USD)
sgp,2009,32000000,Arms Exports (USD)
sgp,2010,25000000,Arms Exports (USD)
sgp,2011,13000000,Arms Exports (USD)
sgp,2012,76000000,Arms Exports (USD)
sgp,2013,2000000,Arms Exports (USD)
sgp,2014,4000000,Arms Exports (USD)
sgp,2015,73000000,Arms Exports (USD)
sgp,2016,72000000,Arms Exports (USD)
sgp,2020,24000000,Arms Exports (USD)
sgp,2021,72000000,Arms Exports (USD)
slv,1991,1000000,Arms Exports (USD)
srb,1996,20000000,Arms Exports (USD)
srb,1997,5000000,Arms Exports (USD)
srb,2001,16000000,Arms Exports (USD)
srb,2006,5000000,Arms Exports (USD)
srb,2007,5000000,Arms Exports (USD)
srb,2008,45000000,Arms Exports (USD)
srb,2009,0,Arms Exports (USD)
srb,2010,31000000,Arms Exports (USD)
srb,2011,4000000,Arms Exports (USD)
srb,2012,10000000,Arms Exports (USD)
srb,2013,10000000,Arms Exports (USD)
srb,2014,10000000,Arms Exports (USD)
srb,2015,35000000,Arms Exports (USD)
srb,2016,29000000,Arms Exports (USD)
srb,2017,3000000,Arms Exports (USD)
srb,2018,27000000,Arms Exports (USD)
srb,2019,26000000,Arms Exports (USD)
srb,2020,34000000,Arms Exports (USD)
srb,2021,3000000,Arms Exports (USD)
svk,1993,178000000,Arms Exports (USD)
svk,1994,38000000,Arms Exports (USD)
svk,1995,99000000,Arms Exports (USD)
svk,1996,62000000,Arms Exports (USD)
svk,1997,58000000,Arms Exports (USD)
svk,1998,10000000,Arms Exports (USD)
svk,1999,125000000,Arms Exports (USD)
svk,2000,37000000,Arms Exports (USD)
svk,2001,54000000,Arms Exports (USD)
svk,2002,33000000,Arms Exports (USD)
svk,2004,46000000,Arms Exports (USD)
svk,2006,7000000,Arms Exports (USD)
svk,2007,22000000,Arms Exports (USD)
svk,2008,8000000,Arms Exports (USD)
svk,2012,4000000,Arms Exports (USD)
svk,2013,1000000,Arms Exports (USD)
svk,2014,8000000,Arms Exports (USD)
svk,2015,3000000,Arms Exports (USD)
svk,2016,18000000,Arms Exports (USD)
svk,2017,22000000,Arms Exports (USD)
svk,2018,12000000,Arms Exports (USD)
svk,2019,2000000,Arms Exports (USD)
svk,2020,3000000,Arms Exports (USD)
svk,2022,71000000,Arms Exports (USD)
svn,2016,9000000,Arms Exports (USD)
svn,2022,38000000,Arms Exports (USD)
swe,1960,38000000,Arms Exports (USD)
swe,1961,45000000,Arms Exports (USD)
swe,1962,44000000,Arms Exports (USD)
swe,1963,13000000,Arms Exports (USD)
swe,1964,22000000,Arms Exports (USD)
swe,1965,32000000,Arms Exports (USD)
swe,1966,56000000,Arms Exports (USD)
swe,1967,55000000,Arms Exports (USD)
swe,1968,60000000,Arms Exports (USD)
swe,1969,36000000,Arms Exports (USD)
swe,1970,251000000,Arms Exports (USD)
swe,1971,530000000,Arms Exports (USD)
swe,1972,123000000,Arms Exports (USD)
swe,1973,15000000,Arms Exports (USD)
swe,1974,75000000,Arms Exports (USD)
swe,1975,123000000,Arms Exports (USD)
swe,1976,70000000,Arms Exports (USD)
swe,1977,54000000,Arms Exports (USD)
swe,1978,55000000,Arms Exports (USD)
swe,1979,261000000,Arms Exports (USD)
swe,1980,156000000,Arms Exports (USD)
swe,1981,128000000,Arms Exports (USD)
swe,1982,119000000,Arms Exports (USD)
swe,1983,117000000,Arms Exports (USD)
swe,1984,227000000,Arms Exports (USD)
swe,1985,214000000,Arms Exports (USD)
swe,1986,322000000,Arms Exports (USD)
swe,1987,233000000,Arms Exports (USD)
swe,1988,515000000,Arms Exports (USD)
swe,1989,403000000,Arms Exports (USD)
swe,1990,228000000,Arms Exports (USD)
swe,1991,156000000,Arms Exports (USD)
swe,1992,149000000,Arms Exports (USD)
swe,1993,103000000,Arms Exports (USD)
swe,1994,111000000,Arms Exports (USD)
swe,1995,226000000,Arms Exports (USD)
swe,1996,348000000,Arms Exports (USD)
swe,1997,104000000,Arms Exports (USD)
swe,1998,337000000,Arms Exports (USD)
swe,1999,387000000,Arms Exports (USD)
swe,2000,360000000,Arms Exports (USD)
swe,2001,896000000,Arms Exports (USD)
swe,2002,163000000,Arms Exports (USD)
swe,2003,515000000,Arms Exports (USD)
swe,2004,295000000,Arms Exports (USD)
swe,2005,531000000,Arms Exports (USD)
swe,2006,387000000,Arms Exports (USD)
swe,2007,331000000,Arms Exports (USD)
swe,2008,454000000,Arms Exports (USD)
swe,2009,409000000,Arms Exports (USD)
swe,2010,660000000,Arms Exports (USD)
swe,2011,698000000,Arms Exports (USD)
swe,2012,478000000,Arms Exports (USD)
swe,2013,387000000,Arms Exports (USD)
swe,2014,341000000,Arms Exports (USD)
swe,2015,181000000,Arms Exports (USD)
swe,2016,264000000,Arms Exports (USD)
swe,2017,81000000,Arms Exports (USD)
swe,2018,154000000,Arms Exports (USD)
swe,2019,215000000,Arms Exports (USD)
swe,2020,282000000,Arms Exports (USD)
swe,2021,332000000,Arms Exports (USD)
swe,2022,68000000,Arms Exports (USD)
syc,1995,1000000,Arms Exports (USD)
syr,1970,17000000,Arms Exports (USD)
syr,1974,2000000,Arms Exports (USD)
syr,1975,2000000,Arms Exports (USD)
syr,1977,0,Arms Exports (USD)
syr,1982,178000000,Arms Exports (USD)
syr,1983,46000000,Arms Exports (USD)
syr,1984,1000000,Arms Exports (USD)
syr,1985,29000000,Arms Exports (USD)
syr,1986,31000000,Arms Exports (USD)
syr,1988,15000000,Arms Exports (USD)
syr,1992,40000000,Arms Exports (USD)
syr,1993,40000000,Arms Exports (USD)
syr,1996,0,Arms Exports (USD)
syr,1997,0,Arms Exports (USD)
syr,2006,3000000,Arms Exports (USD)
syr,2009,20000000,Arms Exports (USD)
syr,2010,20000000,Arms Exports (USD)
tcd,1987,20000000,Arms Exports (USD)
tha,2003,7000000,Arms Exports (USD)
tha,2004,7000000,Arms Exports (USD)
tha,2006,79000000,Arms Exports (USD)
tha,2016,2000000,Arms Exports (USD)
tha,2017,2000000,Arms Exports (USD)
tha,2019,1000000,Arms Exports (USD)
tha,2021,3000000,Arms Exports (USD)
tur,1980,23000000,Arms Exports (USD)
tur,1981,11000000,Arms Exports (USD)
tur,1995,3000000,Arms Exports (USD)
tur,1996,3000000,Arms Exports (USD)
tur,1997,0,Arms Exports (USD)
tur,1998,3000000,Arms Exports (USD)
tur,1999,44000000,Arms Exports (USD)
tur,2000,20000000,Arms Exports (USD)
tur,2001,5000000,Arms Exports (USD)
tur,2002,27000000,Arms Exports (USD)
tur,2003,43000000,Arms Exports (USD)
tur,2004,28000000,Arms Exports (USD)
tur,2005,23000000,Arms Exports (USD)
tur,2006,65000000,Arms Exports (USD)
tur,2007,83000000,Arms Exports (USD)
tur,2008,118000000,Arms Exports (USD)
tur,2009,64000000,Arms Exports (USD)
tur,2010,70000000,Arms Exports (USD)
tur,2011,90000000,Arms Exports (USD)
tur,2012,141000000,Arms Exports (USD)
tur,2013,138000000,Arms Exports (USD)
tur,2014,154000000,Arms Exports (USD)
tur,2015,223000000,Arms Exports (USD)
tur,2016,242000000,Arms Exports (USD)
tur,2017,179000000,Arms Exports (USD)
tur,2018,249000000,Arms Exports (USD)
tur,2019,248000000,Arms Exports (USD)
tur,2020,251000000,Arms Exports (USD)
tur,2021,438000000,Arms Exports (USD)
tur,2022,398000000,Arms Exports (USD)
uga,1968,0,Arms Exports (USD)
uga,2016,4000000,Arms Exports (USD)
ukr,1992,165000000,Arms Exports (USD)
ukr,1993,82000000,Arms Exports (USD)
ukr,1994,236000000,Arms Exports (USD)
ukr,1995,167000000,Arms Exports (USD)
ukr,1996,234000000,Arms Exports (USD)
ukr,1997,558000000,Arms Exports (USD)
ukr,1998,708000000,Arms Exports (USD)
ukr,1999,732000000,Arms Exports (USD)
ukr,2000,270000000,Arms Exports (USD)
ukr,2001,512000000,Arms Exports (USD)
ukr,2002,310000000,Arms Exports (USD)
ukr,2003,313000000,Arms Exports (USD)
ukr,2004,196000000,Arms Exports (USD)
ukr,2005,288000000,Arms Exports (USD)
ukr,2006,524000000,Arms Exports (USD)
ukr,2007,635000000,Arms Exports (USD)
ukr,2008,399000000,Arms Exports (USD)
ukr,2009,442000000,Arms Exports (USD)
ukr,2010,513000000,Arms Exports (USD)
ukr,2011,566000000,Arms Exports (USD)
ukr,2012,1491000000,Arms Exports (USD)
ukr,2013,683000000,Arms Exports (USD)
ukr,2014,630000000,Arms Exports (USD)
ukr,2015,299000000,Arms Exports (USD)
ukr,2016,455000000,Arms Exports (USD)
ukr,2017,375000000,Arms Exports (USD)
ukr,2018,254000000,Arms Exports (USD)
ukr,2019,165000000,Arms Exports (USD)
ukr,2020,116000000,Arms Exports (USD)
ukr,2021,147000000,Arms Exports (USD)
ukr,2022,50000000,Arms Exports (USD)
ury,1960,6000000,Arms Exports (USD)
ury,2000,1000000,Arms Exports (USD)
usa,1960,6132000000,Arms Exports (USD)
usa,1961,6290000000,Arms Exports (USD)
usa,1962,6130000000,Arms Exports (USD)
usa,1963,9360000000,Arms Exports (USD)
usa,1964,12316000000,Arms Exports (USD)
usa,1965,11301000000,Arms Exports (USD)
usa,1966,8402000000,Arms Exports (USD)
usa,1967,7236000000,Arms Exports (USD)
usa,1968,8405000000,Arms Exports (USD)
usa,1969,11806000000,Arms Exports (USD)
usa,1970,8980000000,Arms Exports (USD)
usa,1971,11742000000,Arms Exports (USD)
usa,1972,10808000000,Arms Exports (USD)
usa,1973,12031000000,Arms Exports (USD)
usa,1974,12904000000,Arms Exports (USD)
usa,1975,15858000000,Arms Exports (USD)
usa,1976,15798000000,Arms Exports (USD)
usa,1977,14510000000,Arms Exports (USD)
usa,1978,13899000000,Arms Exports (USD)
usa,1979,9909000000,Arms Exports (USD)
usa,1980,10738000000,Arms Exports (USD)
usa,1981,13628000000,Arms Exports (USD)
usa,1982,13988000000,Arms Exports (USD)
usa,1983,13950000000,Arms Exports (USD)
usa,1984,11864000000,Arms Exports (USD)
usa,1985,10781000000,Arms Exports (USD)
usa,1986,11604000000,Arms Exports (USD)
usa,1987,12180000000,Arms Exports (USD)
usa,1988,11858000000,Arms Exports (USD)
usa,1989,11314000000,Arms Exports (USD)
usa,1990,10606000000,Arms Exports (USD)
usa,1991,12489000000,Arms Exports (USD)
usa,1992,14090000000,Arms Exports (USD)
usa,1993,13770000000,Arms Exports (USD)
usa,1994,11480000000,Arms Exports (USD)
usa,1995,11182000000,Arms Exports (USD)
usa,1996,10839000000,Arms Exports (USD)
usa,1997,14500000000,Arms Exports (USD)
usa,1998,15708000000,Arms Exports (USD)
usa,1999,11543000000,Arms Exports (USD)
usa,2000,7651000000,Arms Exports (USD)
usa,2001,5592000000,Arms Exports (USD)
usa,2002,4853000000,Arms Exports (USD)
usa,2003,5624000000,Arms Exports (USD)
usa,2004,6834000000,Arms Exports (USD)
usa,2005,6766000000,Arms Exports (USD)
usa,2006,7552000000,Arms Exports (USD)
usa,2007,7972000000,Arms Exports (USD)
usa,2008,7144000000,Arms Exports (USD)
usa,2009,7202000000,Arms Exports (USD)
usa,2010,8336000000,Arms Exports (USD)
usa,2011,8941000000,Arms Exports (USD)
usa,2012,8999000000,Arms Exports (USD)
usa,2013,7607000000,Arms Exports (USD)
usa,2014,9588000000,Arms Exports (USD)
usa,2015,9918000000,Arms Exports (USD)
usa,2016,9769000000,Arms Exports (USD)
usa,2017,11732000000,Arms Exports (USD)
usa,2018,9674000000,Arms Exports (USD)
usa,2019,10888000000,Arms Exports (USD)
usa,2020,9426000000,Arms Exports (USD)
usa,2021,10994000000,Arms Exports (USD)
usa,2022,14515000000,Arms Exports (USD)
uzb,2003,252000000,Arms Exports (USD)
uzb,2004,126000000,Arms Exports (USD)
uzb,2005,4000000,Arms Exports (USD)
uzb,2009,209000000,Arms Exports (USD)
uzb,2010,209000000,Arms Exports (USD)
uzb,2011,209000000,Arms Exports (USD)
uzb,2015,34000000,Arms Exports (USD)
uzb,2016,68000000,Arms Exports (USD)
ven,1969,17000000,Arms Exports (USD)
ven,1975,13000000,Arms Exports (USD)
ven,1987,0,Arms Exports (USD)
ven,2004,1000000,Arms Exports (USD)
ven,2006,7000000,Arms Exports (USD)
ven,2008,3000000,Arms Exports (USD)
ven,2009,40000000,Arms Exports (USD)
vnm,1972,0,Arms Exports (USD)
vnm,1987,11000000,Arms Exports (USD)
vnm,2006,14000000,Arms Exports (USD)
vnm,2018,10000000,Arms Exports (USD)
yem,1975,6000000,Arms Exports (USD)
yem,1986,51000000,Arms Exports (USD)
zaf,1960,27000000,Arms Exports (USD)
zaf,1961,33000000,Arms Exports (USD)
zaf,1967,8000000,Arms Exports (USD)
zaf,1969,13000000,Arms Exports (USD)
zaf,1970,2000000,Arms Exports (USD)
zaf,1971,7000000,Arms Exports (USD)
zaf,1972,22000000,Arms Exports (USD)
zaf,1973,1000000,Arms Exports (USD)
zaf,1974,2000000,Arms Exports (USD)
zaf,1975,28000000,Arms Exports (USD)
zaf,1976,19000000,Arms Exports (USD)
zaf,1977,0,Arms Exports (USD)
zaf,1980,49000000,Arms Exports (USD)
zaf,1981,49000000,Arms Exports (USD)
zaf,1982,1000000,Arms Exports (USD)
zaf,1985,25000000,Arms Exports (USD)
zaf,1986,25000000,Arms Exports (USD)
zaf,1987,28000000,Arms Exports (USD)
zaf,1988,25000000,Arms Exports (USD)
zaf,1989,0,Arms Exports (USD)
zaf,1991,54000000,Arms Exports (USD)
zaf,1992,75000000,Arms Exports (USD)
zaf,1993,54000000,Arms Exports (USD)
zaf,1994,13000000,Arms Exports (USD)
zaf,1995,17000000,Arms Exports (USD)
zaf,1996,31000000,Arms Exports (USD)
zaf,1997,7000000,Arms Exports (USD)
zaf,1998,22000000,Arms Exports (USD)
zaf,1999,28000000,Arms Exports (USD)
zaf,2000,20000000,Arms Exports (USD)
zaf,2001,37000000,Arms Exports (USD)
zaf,2002,22000000,Arms Exports (USD)
zaf,2003,47000000,Arms Exports (USD)
zaf,2004,72000000,Arms Exports (USD)
zaf,2005,35000000,Arms Exports (USD)
zaf,2006,199000000,Arms Exports (USD)
zaf,2007,137000000,Arms Exports (USD)
zaf,2008,141000000,Arms Exports (USD)
zaf,2009,107000000,Arms Exports (USD)
zaf,2010,243000000,Arms Exports (USD)
zaf,2011,74000000,Arms Exports (USD)
zaf,2012,193000000,Arms Exports (USD)
zaf,2013,111000000,Arms Exports (USD)
zaf,2014,63000000,Arms Exports (USD)
zaf,2015,67000000,Arms Exports (USD)
zaf,2016,82000000,Arms Exports (USD)
zaf,2017,96000000,Arms Exports (USD)
zaf,2018,90000000,Arms Exports (USD)
zaf,2019,109000000,Arms Exports (USD)
zaf,2020,111000000,Arms Exports (USD)
zaf,2021,89000000,Arms Exports (USD)
zaf,2022,48000000,Arms Exports (USD)
zmb,1990,2000000,Arms Exports (USD)
zwe,1964,1000000,Arms Exports (USD)
zwe,2001,4000000,Arms Exports (USD)
